topic_id,ndcg10,p10,judged10,run
PBSAP-01,0.266379247589265,0.3,0.3,bge__desc
PBSAP-02,0.4478270762868725,0.5,0.5,bge__desc
PBSAP-03,0.36157601028002323,0.4,0.4,bge__desc
PBSAP-04,0.3383497029656294,0.3,0.4,bge__desc
PBSAP-05,0.7067511993498027,0.7,0.7,bge__desc
PBSAP-06,0.5613048386837364,0.6,0.6,bge__desc
PBSAP-07,0.2675771144135919,0.3,0.4,bge__desc
PBSAP-08,0.6430283268397343,0.7,0.8,bge__desc
PBSAP-09,0.34371604257641947,0.4,0.4,bge__desc
PBSAP-10,0.6271665677137862,0.7,0.7,bge__desc
PBSAP-11,0.14025828074620034,0.2,0.3,bge__desc
PBSAP-12,0.4268445599697638,0.3,0.5,bge__desc
PBSAP-13,0.5298601854223439,0.3,0.6,bge__desc
PBSAP-14,0.28702122892036414,0.1,0.5,bge__desc
PBSAP-15,0.3598562600586897,0.2,0.4,bge__desc
PBSAP-16,0.6364553583753977,0.5,0.7,bge__desc
PBSAP-17,0.8798885713056427,0.9,0.9,bge__desc
PBSAP-18,0.1921556763022041,0.0,0.3,bge__desc
PBSAP-19,0.5894528027600227,0.5,0.8,bge__desc
PBSAP-20,0.44482962841448753,0.1,0.6,bge__desc
PBSAP-21,0.6159829144528841,0.7,0.8,bge__desc
PBSAP-22,0.3052348839397011,0.3,0.3,bge__desc
PBSAP-23,0.6144174738278224,0.7,0.8,bge__desc
