run,topic_id,ndcg10,p10_rel3,judged10
bge__decomp,PBSAP-01,0.968403878543483,0.9,0.4
bge__decomp,PBSAP-02,0.977915258848537,0.9,0.6
bge__decomp,PBSAP-03,0.9755453593002132,0.9,0.5
bge__decomp,PBSAP-04,1.0,1.0,0.6
bge__decomp,PBSAP-05,1.0,1.0,0.5
bge__decomp,PBSAP-06,1.0,1.0,0.5
bge__decomp,PBSAP-07,0.950031030185395,0.8,0.2
bge__decomp,PBSAP-08,0.9233163129857753,0.7,0.7
bge__decomp,PBSAP-09,0.9534606181487503,0.8,0.4
bge__decomp,PBSAP-10,0.9537125187088151,0.9,0.5
bge__decomp,PBSAP-11,1.0,1.0,0.4
bge__decomp,PBSAP-12,0.924020579440747,0.7,0.6
bge__decomp,PBSAP-13,0.9420953467587504,0.8,0.4
bge__decomp,PBSAP-14,0.9266360779006398,0.9,0.6
bge__decomp,PBSAP-15,1.0,1.0,0.5
bge__decomp,PBSAP-16,0.9000316561008351,0.7,0.4
bge__decomp,PBSAP-17,0.9477344873475498,0.9,0.7
bge__decomp,PBSAP-18,1.0,1.0,0.5
bge__decomp,PBSAP-19,1.0,1.0,0.7
bge__decomp,PBSAP-20,0.9556493299547569,0.8,0.3
bge__decomp,PBSAP-21,1.0,1.0,0.1
bge__decomp,PBSAP-22,0.9787930706003494,0.9,0.4
bge__decomp,PBSAP-23,1.0,1.0,0.5
bge__desc,PBSAP-01,0.8452362312334726,0.5,0.3
bge__desc,PBSAP-02,0.7439243582226208,0.3,0.5
bge__desc,PBSAP-03,0.7833222593171403,0.3,0.4
bge__desc,PBSAP-04,0.7487285684885203,0.3,0.4
bge__desc,PBSAP-05,0.8725284286387739,0.6,0.7
bge__desc,PBSAP-06,0.8803485966094551,0.8,0.6
bge__desc,PBSAP-07,0.7514070128843368,0.3,0.4
bge__desc,PBSAP-08,0.8253493076980026,0.3,0.8
bge__desc,PBSAP-09,0.8907463423577916,0.6,0.4
bge__desc,PBSAP-10,0.8362732542429798,0.6,0.7
bge__desc,PBSAP-11,0.9159783532244442,0.7,0.3
bge__desc,PBSAP-12,0.7994759781811207,0.5,0.5
bge__desc,PBSAP-13,0.8375467435230487,0.4,0.6
bge__desc,PBSAP-14,0.7498880095675963,0.3,0.5
bge__desc,PBSAP-15,0.9253314794949414,0.8,0.4
bge__desc,PBSAP-16,0.8346870265100178,0.6,0.7
bge__desc,PBSAP-17,0.9008768387951548,0.7,0.9
bge__desc,PBSAP-18,0.7616047337379214,0.4,0.3
bge__desc,PBSAP-19,0.9349369997364463,0.8,0.8
bge__desc,PBSAP-20,0.8405261609040242,0.6,0.6
bge__desc,PBSAP-21,0.852593468587329,0.6,0.8
bge__desc,PBSAP-22,0.8330089108835794,0.6,0.3
bge__desc,PBSAP-23,0.9170305576591351,0.8,0.8
bge__hyde,PBSAP-01,0.9127306419243081,0.7,0.7
bge__hyde,PBSAP-02,0.8803485966094551,0.8,0.4
bge__hyde,PBSAP-03,0.9316277775573522,0.8,0.8
bge__hyde,PBSAP-04,0.977915258848537,0.9,0.5
bge__hyde,PBSAP-05,0.9507235030281824,0.8,0.4
bge__hyde,PBSAP-06,0.9787930706003494,0.9,0.8
bge__hyde,PBSAP-07,0.8979285448364196,0.6,0.6
bge__hyde,PBSAP-08,0.9591810174575363,0.7,0.3
bge__hyde,PBSAP-09,0.9180895571532646,0.7,0.6
bge__hyde,PBSAP-10,0.9738672436737749,0.9,0.5
bge__hyde,PBSAP-11,1.0,1.0,0.7
bge__hyde,PBSAP-12,0.8810403805313403,0.6,0.7
bge__hyde,PBSAP-13,0.9217284677419038,0.8,0.5
bge__hyde,PBSAP-14,0.9286387618767195,0.7,0.5
bge__hyde,PBSAP-15,0.9787930706003494,0.9,0.7
bge__hyde,PBSAP-16,0.9009094678526476,0.7,0.5
bge__hyde,PBSAP-17,0.955830517697074,0.9,0.8
bge__hyde,PBSAP-18,1.0,1.0,0.4
bge__hyde,PBSAP-19,0.977915258848537,0.9,0.7
bge__hyde,PBSAP-20,0.92405320849824,0.7,0.5
bge__hyde,PBSAP-21,0.8598334511316896,0.5,0.5
bge__hyde,PBSAP-22,0.9316277775573522,0.8,0.5
bge__hyde,PBSAP-23,0.9787930706003494,0.9,0.9
bge__title,PBSAP-01,0.8126964252950056,0.5,0.5
bge__title,PBSAP-02,0.7243955444494086,0.2,0.8
bge__title,PBSAP-03,0.7573048180030943,0.3,0.3
bge__title,PBSAP-04,0.7932008551944384,0.5,0.6
bge__title,PBSAP-05,0.8517156568355165,0.6,0.7
bge__title,PBSAP-06,0.9221163972522982,0.8,0.8
bge__title,PBSAP-07,0.7691891655776095,0.5,0.2
bge__title,PBSAP-08,0.7727943638475886,0.3,0.5
bge__title,PBSAP-09,0.64944624156282,0.6666666666666666,0.2
bge__title,PBSAP-10,0.8638213605247348,0.7,0.5
bge__title,PBSAP-11,0.9008768387951548,0.7,0.3
bge__title,PBSAP-12,0.7727730545936853,0.4,0.8
bge__title,PBSAP-13,0.8680187672702643,0.6,0.6
bge__title,PBSAP-14,0.8068332155349769,0.5,0.4
bge__title,PBSAP-15,0.9032467383434785,0.7,0.2
bge__title,PBSAP-16,0.8275129166957947,0.6,0.6
bge__title,PBSAP-17,0.8899541168509598,0.8,0.6
bge__title,PBSAP-18,0.8715290002262863,0.6,0.5
bge__title,PBSAP-19,0.8937353580384245,0.7,0.2
bge__title,PBSAP-20,0.8066174589378509,0.5,0.6
bge__title,PBSAP-21,0.9567083294488864,0.8,0.4
bge__title,PBSAP-22,0.9543384299005626,0.8,0.4
bge__title,PBSAP-23,0.8397728661031808,0.5,1.0
bge__verbose,PBSAP-01,0.9316277775573522,0.8,0.6
bge__verbose,PBSAP-02,0.9259573906866889,0.7,0.7
bge__verbose,PBSAP-03,0.8126022853585547,0.5,0.8
bge__verbose,PBSAP-04,0.756184307630007,0.3,0.8
bge__verbose,PBSAP-05,0.9556493299547569,0.8,0.8
bge__verbose,PBSAP-06,0.8812922810914051,0.8,0.7
bge__verbose,PBSAP-07,0.7884412684753215,0.3,0.8
bge__verbose,PBSAP-08,0.8374139371489613,0.4,0.6
bge__verbose,PBSAP-09,0.9250795789348765,0.7,0.7
bge__verbose,PBSAP-10,0.977915258848537,0.9,0.8
bge__verbose,PBSAP-11,0.9221163972522982,0.8,0.5
bge__verbose,PBSAP-12,0.7908309556461147,0.5,0.6
bge__verbose,PBSAP-13,0.9980212250126027,0.9,0.7
bge__verbose,PBSAP-14,0.9526603142741242,0.8,0.8
bge__verbose,PBSAP-15,0.968403878543483,0.9,0.5
bge__verbose,PBSAP-16,0.9273278618225251,0.7,0.6
bge__verbose,PBSAP-17,0.9768562593544076,0.9,0.9
bge__verbose,PBSAP-18,0.9787930706003494,0.9,0.5
bge__verbose,PBSAP-19,1.0,1.0,0.8
bge__verbose,PBSAP-20,0.8622648615589714,0.5,0.3
bge__verbose,PBSAP-21,0.8949458165076721,0.7,0.7
bge__verbose,PBSAP-22,0.9305687780632227,0.8,0.8
bge__verbose,PBSAP-23,0.9507235030281824,0.8,1.0
bm25__decomp,PBSAP-01,0.9316277775573522,0.8,0.4
bm25__decomp,PBSAP-02,0.9157196576049408,0.7,0.6
bm25__decomp,PBSAP-03,0.8729552152926598,0.7,0.2
bm25__decomp,PBSAP-04,0.968403878543483,0.9,0.3
bm25__decomp,PBSAP-05,0.96331803895032,0.9,0.8
bm25__decomp,PBSAP-06,0.9787930706003494,0.9,0.7
bm25__decomp,PBSAP-07,0.9182936271179963,0.7,0.2
bm25__decomp,PBSAP-08,0.9140976241631859,0.5,0.6
bm25__decomp,PBSAP-09,0.8883361070062386,0.7,0.4
bm25__decomp,PBSAP-10,0.9266360779006398,0.9,0.4
bm25__decomp,PBSAP-11,0.9305755731226613,0.7,0.3
bm25__decomp,PBSAP-12,0.9234014633084381,0.7,0.8
bm25__decomp,PBSAP-13,0.8679448440416563,0.6,0.3
bm25__decomp,PBSAP-14,0.9170305576591351,0.8,0.5
bm25__decomp,PBSAP-15,0.9716189607861262,0.9,0.3
bm25__decomp,PBSAP-16,0.9567083294488864,0.8,0.5
bm25__decomp,PBSAP-17,1.0,1.0,0.7
bm25__decomp,PBSAP-18,0.9534606181487503,0.8,0.2
bm25__decomp,PBSAP-19,0.9245907467019574,0.8,0.3
bm25__decomp,PBSAP-20,0.9218644966922332,0.7,0.4
bm25__decomp,PBSAP-21,0.9738672436737749,0.9,0.3
bm25__decomp,PBSAP-22,0.9471643200863394,0.8,0.6
bm25__decomp,PBSAP-23,0.9787930706003494,0.9,0.9
bm25__desc,PBSAP-01,0.8938868170135427,0.7,0.5
bm25__desc,PBSAP-02,0.8609797955028314,0.6,0.5
bm25__desc,PBSAP-03,0.8599275910681405,0.5,0.5
bm25__desc,PBSAP-04,0.8721222823605411,0.7,0.3
bm25__desc,PBSAP-05,0.9454862044599011,0.8,0.8
bm25__desc,PBSAP-06,0.9537125187088151,0.9,0.7
bm25__desc,PBSAP-07,0.8000366801501505,0.3,0.4
bm25__desc,PBSAP-08,0.7728566305591957,0.3,0.4
bm25__desc,PBSAP-09,0.8785728261411196,0.6,0.6
bm25__desc,PBSAP-10,0.9032467383434785,0.7,0.1
bm25__desc,PBSAP-11,0.9547715182029446,0.8,0.3
bm25__desc,PBSAP-12,0.8734658114722281,0.5,0.6
bm25__desc,PBSAP-13,0.7856595414831108,0.5,0.7
bm25__desc,PBSAP-14,0.8214304354331938,0.5,0.5
bm25__desc,PBSAP-15,0.9045513367491768,0.8,0.0
bm25__desc,PBSAP-16,0.9128522585849833,0.7,0.6
bm25__desc,PBSAP-17,0.9494126029739881,0.8,0.8
bm25__desc,PBSAP-18,0.9063728329829394,0.7,0.2
bm25__desc,PBSAP-19,0.9344424005551064,0.8,0.4
bm25__desc,PBSAP-20,0.868379971879065,0.5,0.5
bm25__desc,PBSAP-21,0.8784185804229517,0.7,0.4
bm25__desc,PBSAP-22,0.8721222823605411,0.7,0.8
bm25__desc,PBSAP-23,0.9421111095506693,0.8,0.9
bm25__hyde,PBSAP-01,0.9085781768482104,0.7,0.6
bm25__hyde,PBSAP-02,0.795016049779705,0.4,0.7
bm25__hyde,PBSAP-03,0.8256155295667842,0.5,0.6
bm25__hyde,PBSAP-04,0.9507235030281824,0.8,0.4
bm25__hyde,PBSAP-05,0.8591416672098044,0.7,0.7
bm25__hyde,PBSAP-06,0.9266360779006398,0.9,0.4
bm25__hyde,PBSAP-07,0.8334257139820467,0.4,0.6
bm25__hyde,PBSAP-08,0.9067571938325016,0.5,0.5
bm25__hyde,PBSAP-09,0.8582638554579921,0.7,0.6
bm25__hyde,PBSAP-10,0.8773595809288224,0.7,0.2
bm25__hyde,PBSAP-11,1.0,1.0,0.4
bm25__hyde,PBSAP-12,0.8087700267809187,0.5,0.8
bm25__hyde,PBSAP-13,0.7953623076489347,0.5,0.6
bm25__hyde,PBSAP-14,0.9322536887490996,0.7,0.5
bm25__hyde,PBSAP-15,0.9738672436737749,0.9,0.5
bm25__hyde,PBSAP-16,0.8958236282594845,0.7,0.3
bm25__hyde,PBSAP-17,0.9494126029739881,0.8,0.5
bm25__hyde,PBSAP-18,0.8371510659947922,0.6,0.5
bm25__hyde,PBSAP-19,0.9494126029739881,0.8,0.5
bm25__hyde,PBSAP-20,0.8907463423577916,0.6,0.5
bm25__hyde,PBSAP-21,0.8436666355597751,0.7,0.7
bm25__hyde,PBSAP-22,0.9104208481577015,0.7,0.4
bm25__hyde,PBSAP-23,0.96331803895032,0.9,0.8
bm25__title,PBSAP-01,0.8436666355597751,0.7,0.5
bm25__title,PBSAP-02,0.7878419399654819,0.4,0.7
bm25__title,PBSAP-03,0.7677867448991706,0.625,0.1
bm25__title,PBSAP-04,0.7993828663556877,0.75,0.2
bm25__title,PBSAP-05,0.9033408782799294,0.7,0.5
bm25__title,PBSAP-06,0.9755453593002132,0.9,0.6
bm25__title,PBSAP-07,0.7200213510325483,0.5555555555555556,0.3
bm25__title,PBSAP-08,0.7223949934297895,0.1,0.0
bm25__title,PBSAP-09,0.6278331658849367,0.6666666666666666,0.2
bm25__title,PBSAP-10,0.9231753967464276,0.7,0.2
bm25__title,PBSAP-11,0.8887808304556691,0.7777777777777778,0.1
bm25__title,PBSAP-12,0.827925858033466,0.4,0.6
bm25__title,PBSAP-13,0.8268903799676428,0.6,0.4
bm25__title,PBSAP-14,0.8436666355597751,0.7,0.6
bm25__title,PBSAP-15,0.800693766409882,1.0,0.1
bm25__title,PBSAP-16,0.8322252390682178,0.6,0.4
bm25__title,PBSAP-17,0.9738672436737749,0.9,0.6
bm25__title,PBSAP-18,0.6989488050966481,0.8333333333333334,0.1
bm25__title,PBSAP-19,0.8398715490560956,0.7777777777777778,0.3
bm25__title,PBSAP-20,0.8403661482374356,0.6,0.3
bm25__title,PBSAP-21,0.9567083294488864,0.8,0.3
bm25__title,PBSAP-22,0.977915258848537,0.9,0.5
bm25__title,PBSAP-23,0.8820398089438278,0.6,0.7
bm25__verbose,PBSAP-01,0.9227423084440457,0.7,0.5
bm25__verbose,PBSAP-02,0.8485005745928731,0.6,0.7
bm25__verbose,PBSAP-03,0.8222078056000595,0.5,0.8
bm25__verbose,PBSAP-04,0.8453578478941478,0.5,0.6
bm25__verbose,PBSAP-05,0.8958236282594845,0.7,0.5
bm25__verbose,PBSAP-06,0.8075508334549164,0.7,0.4
bm25__verbose,PBSAP-07,0.7938136743514524,0.4,0.3
bm25__verbose,PBSAP-08,0.8350639180068224,0.4,0.4
bm25__verbose,PBSAP-09,0.8761702975353033,0.7,0.4
bm25__verbose,PBSAP-10,0.9088042434102211,0.7,0.2
bm25__verbose,PBSAP-11,0.8803485966094551,0.8,0.3
bm25__verbose,PBSAP-12,0.8461369766930453,0.5,1.0
bm25__verbose,PBSAP-13,0.8747024036490622,0.6,0.8
bm25__verbose,PBSAP-14,0.8819181922831526,0.6,0.8
bm25__verbose,PBSAP-15,0.977915258848537,0.9,0.2
bm25__verbose,PBSAP-16,0.9282056735743375,0.7,0.5
bm25__verbose,PBSAP-17,0.9159783532244442,0.7,0.4
bm25__verbose,PBSAP-18,0.9322536887490996,0.7,0.4
bm25__verbose,PBSAP-19,0.968403878543483,0.9,0.2
bm25__verbose,PBSAP-20,0.8760549825231239,0.6,0.5
bm25__verbose,PBSAP-21,0.8949458165076721,0.7,0.4
bm25__verbose,PBSAP-22,0.9223424638143086,0.7,0.6
bm25__verbose,PBSAP-23,0.9311946892549702,0.7,1.0
specter2__decomp,PBSAP-01,0.9524016186546208,0.8,0.2
specter2__decomp,PBSAP-02,0.9534606181487503,0.8,0.3
specter2__decomp,PBSAP-03,0.8493783863446855,0.6,0.1
specter2__decomp,PBSAP-04,0.9768562593544076,0.9,0.1
specter2__decomp,PBSAP-05,0.941233297798857,0.8,0.2
specter2__decomp,PBSAP-06,1.0,1.0,0.5
specter2__decomp,PBSAP-07,0.8504141577911254,0.5,0.1
specter2__decomp,PBSAP-08,0.842144723071401,0.4,0.3
specter2__decomp,PBSAP-09,0.8948988074338893,0.7,0.1
specter2__decomp,PBSAP-10,0.968403878543483,0.9,0.4
specter2__decomp,PBSAP-11,0.977915258848537,0.9,0.1
specter2__decomp,PBSAP-12,0.806086715793572,0.5,0.4
specter2__decomp,PBSAP-13,0.7844219252882976,0.625,0.0
specter2__decomp,PBSAP-14,0.92405320849824,0.7,0.1
specter2__decomp,PBSAP-15,0.9484752201405338,0.8,0.3
specter2__decomp,PBSAP-16,0.893961424600435,0.7,0.0
specter2__decomp,PBSAP-17,0.8069846745100949,0.8,0.5
specter2__decomp,PBSAP-18,0.94631913739202,0.8,0.3
specter2__decomp,PBSAP-19,0.8099804852501662,0.7,0.1
specter2__decomp,PBSAP-20,0.9556493299547569,0.8,0.2
specter2__decomp,PBSAP-21,0.9768562593544076,0.9,0.1
specter2__decomp,PBSAP-22,0.9494126029739881,0.8,0.1
specter2__decomp,PBSAP-23,0.9787930706003494,0.9,0.1
specter2__desc,PBSAP-01,0.8330089108835794,0.6,0.1
specter2__desc,PBSAP-02,0.8824454205219854,0.6,0.6
specter2__desc,PBSAP-03,0.8223678182666481,0.5,0.6
specter2__desc,PBSAP-04,0.9201863810657949,0.7,0.1
specter2__desc,PBSAP-05,0.8856605027646287,0.6,0.6
specter2__desc,PBSAP-06,0.9266360779006398,0.9,0.9
specter2__desc,PBSAP-07,0.8035094982333123,0.4,0.3
specter2__desc,PBSAP-08,0.8989669905186763,0.5,0.4
specter2__desc,PBSAP-09,0.7869045571320278,0.6,0.6
specter2__desc,PBSAP-10,0.8899541168509598,0.8,0.3
specter2__desc,PBSAP-11,0.9096371763423399,0.7,0.4
specter2__desc,PBSAP-12,0.8115518395558958,0.5,0.4
specter2__desc,PBSAP-13,0.7224110585132397,0.3,0.4
specter2__desc,PBSAP-14,0.8213088187725187,0.5,0.3
specter2__desc,PBSAP-15,0.9452601378978907,0.8,0.4
specter2__desc,PBSAP-16,0.8517219584840123,0.6,0.6
specter2__desc,PBSAP-17,0.8949458165076721,0.7,0.6
specter2__desc,PBSAP-18,0.8760549825231239,0.6,0.6
specter2__desc,PBSAP-19,0.8569592570522936,0.7,0.6
specter2__desc,PBSAP-20,0.9032467383434785,0.7,0.6
specter2__desc,PBSAP-21,0.9096371763423399,0.7,0.4
specter2__desc,PBSAP-22,0.8591416672098044,0.7,0.4
specter2__desc,PBSAP-23,0.9305687780632227,0.8,1.0
specter2__hyde,PBSAP-01,0.9471643200863394,0.8,0.2
specter2__hyde,PBSAP-02,0.889275429637009,0.6,0.7
specter2__hyde,PBSAP-03,0.8747767115264224,0.6,0.5
specter2__hyde,PBSAP-04,0.9322536887490996,0.7,0.2
specter2__hyde,PBSAP-05,0.8552748397773594,0.6,0.3
specter2__hyde,PBSAP-06,1.0,1.0,0.5
specter2__hyde,PBSAP-07,0.8261969880400368,0.5,0.4
specter2__hyde,PBSAP-08,0.9223766464229697,0.6,0.4
specter2__hyde,PBSAP-09,0.8178481376183064,0.5,0.7
specter2__hyde,PBSAP-10,0.9738672436737749,0.9,0.4
specter2__hyde,PBSAP-11,0.9787930706003494,0.9,0.6
specter2__hyde,PBSAP-12,0.8549633681356527,0.6,0.3
specter2__hyde,PBSAP-13,0.7435587700491216,0.4,0.3
specter2__hyde,PBSAP-14,0.9534606181487503,0.8,0.4
specter2__hyde,PBSAP-15,0.9495342196346632,0.8,0.5
specter2__hyde,PBSAP-16,0.8506566573413872,0.6,0.5
specter2__hyde,PBSAP-17,0.9015353790443952,0.7,0.4
specter2__hyde,PBSAP-18,0.96331803895032,0.9,0.6
specter2__hyde,PBSAP-19,0.9272682907408831,0.7,0.8
specter2__hyde,PBSAP-20,0.8678693756994967,0.7,0.4
specter2__hyde,PBSAP-21,0.9234014633084381,0.7,0.5
specter2__hyde,PBSAP-22,0.9080509486093779,0.7,0.7
specter2__hyde,PBSAP-23,0.9507235030281824,0.8,0.7
specter2__title,PBSAP-01,0.8135873337547525,0.5555555555555556,0.1
specter2__title,PBSAP-02,0.8214304354331938,0.5,0.1
specter2__title,PBSAP-03,0.7526251246881641,0.3,0.3
specter2__title,PBSAP-04,0.9534606181487503,0.8,0.0
specter2__title,PBSAP-05,0.9034923372550474,0.8,0.2
specter2__title,PBSAP-06,1.0,1.0,0.2
specter2__title,PBSAP-07,0.6827759494784502,0.375,0.0
specter2__title,PBSAP-08,0.8207925512840806,0.3,0.2
specter2__title,PBSAP-09,0.3611676119588158,0.25,0.0
specter2__title,PBSAP-10,0.8784185804229517,0.7,0.5
specter2__title,PBSAP-11,0.7137916239064344,0.625,0.4
specter2__title,PBSAP-12,0.7059641261762393,0.4,0.4
specter2__title,PBSAP-13,0.780308769470525,0.5,0.3
specter2__title,PBSAP-14,0.9170305576591351,0.8,0.0
specter2__title,PBSAP-15,0.9093618486635721,0.7,0.3
specter2__title,PBSAP-16,0.7972213936449762,0.7,0.1
specter2__title,PBSAP-17,0.9167786570990702,0.7,0.0
specter2__title,PBSAP-18,0.8275129166957947,0.6,0.4
specter2__title,PBSAP-19,0.8895570589642725,0.7,0.1
specter2__title,PBSAP-20,0.9117932590908538,0.7,0.2
specter2__title,PBSAP-21,0.9768562593544076,0.9,0.2
specter2__title,PBSAP-22,0.35895421017163465,1.0,0.0
specter2__title,PBSAP-23,0.89089780133291,0.7,0.9
specter2__verbose,PBSAP-01,0.9495342196346632,0.8,0.5
specter2__verbose,PBSAP-02,0.933564588803294,0.7,0.2
specter2__verbose,PBSAP-03,0.8340679103777088,0.5,0.6
specter2__verbose,PBSAP-04,0.816855192019599,0.4,0.4
specter2__verbose,PBSAP-05,0.85783076715561,0.6,0.3
specter2__verbose,PBSAP-06,0.7362425525191234,0.7,0.1
specter2__verbose,PBSAP-07,0.7947778050858184,0.3,0.2
specter2__verbose,PBSAP-08,0.8365924497278276,0.5,0.7
specter2__verbose,PBSAP-09,0.821567514392022,0.6,0.6
specter2__verbose,PBSAP-10,0.9738672436737749,0.9,0.1
specter2__verbose,PBSAP-11,0.9045513367491768,0.8,0.2
specter2__verbose,PBSAP-12,0.9044360217369976,0.7,0.5
specter2__verbose,PBSAP-13,0.9071465791106107,0.7,0.6
specter2__verbose,PBSAP-14,0.9234014633084381,0.7,0.4
specter2__verbose,PBSAP-15,0.96331803895032,0.9,0.3
specter2__verbose,PBSAP-16,0.9547715182029446,0.8,0.4
specter2__verbose,PBSAP-17,0.9305687780632227,0.8,0.5
specter2__verbose,PBSAP-18,1.0,1.0,0.7
specter2__verbose,PBSAP-19,0.9537125187088151,0.9,0.3
specter2__verbose,PBSAP-20,0.8638213605247348,0.7,0.4
specter2__verbose,PBSAP-21,0.901935838289284,0.6,0.4
specter2__verbose,PBSAP-22,0.9484752201405338,0.8,0.5
specter2__verbose,PBSAP-23,0.9388633982505332,0.8,0.8
