pair_id,topic_id,doc_id,grade,note,ts,revised,non_ph
P00000,PBSAP-17,W1885296745,3,,2026-10-09T02:09:47.182000+00:00,0,0
P00001,PBSAP-02,W7117240352,3,,2026-10-09T01:22:50.827000+00:00,1,1
P00002,PBSAP-13,W4412044687,2,,2026-10-09T01:57:43.861000+00:00,0,1
P00003,PBSAP-05,W4379365480,3,,2026-10-09T01:37:33.955000+00:00,0,0
P00004,PBSAP-05,W2279736519,2,,2026-10-09T01:38:42.053000+00:00,0,0
P00005,PBSAP-17,W4402971859,3,,2026-10-09T02:10:33.886000+00:00,0,0
P00006,PBSAP-04,W2542377898,3,,2026-10-09T01:34:09.656000+00:00,0,0
P00007,PBSAP-01,W4413449508,2,,2026-10-09T01:17:25.895000+00:00,0,0
P00008,PBSAP-16,W7217033531,3,,2026-10-09T02:05:37.813000+00:00,0,0
P00009,PBSAP-06,W859661940,3,,2026-10-09T01:41:19.164000+00:00,0,0
P00010,PBSAP-12,W2779613575,2,,2026-10-09T01:55:34.823000+00:00,0,0
P00011,PBSAP-16,W2929380377,2,,2026-10-09T02:06:25.917000+00:00,0,1
P00012,PBSAP-06,W4413743321,3,,2026-10-09T01:42:32.377000+00:00,0,0
P00013,PBSAP-01,W3108704521,3,,2026-10-09T01:18:44.081000+00:00,0,0
P00014,PBSAP-21,W4406673699,3,,2026-10-09T02:46:07.865000+00:00,0,0
P00015,PBSAP-11,W4389520227,2,,2026-10-09T01:53:18.689000+00:00,0,0
P00016,PBSAP-17,S2_e4a23859e6ca4f6beef2554ec6907efddb5a2b3c,3,,2026-10-09T02:11:01.759000+00:00,0,0
P00017,PBSAP-16,W4414186735,3,,2026-10-09T02:08:52.752000+00:00,0,0
P00018,PBSAP-09,W4401530171,2,,2026-10-09T01:49:18.594000+00:00,0,1
P00019,PBSAP-02,W4409253631,2,,2026-10-09T01:24:47.128000+00:00,0,1
P00020,PBSAP-21,W3135220306,2,,2026-10-09T02:47:46.315000+00:00,0,1
P00021,PBSAP-15,S2_c36bf128e23f55df3360d1138fbaa3262a856ad7,3,,2026-10-09T02:03:08.476000+00:00,0,0
P00022,PBSAP-04,W4378214736,2,,2026-10-09T01:35:29.266000+00:00,0,0
P00023,PBSAP-01,W4411101325,3,,2026-10-09T01:19:57.408000+00:00,0,0
P00024,PBSAP-05,W2786268704,3,,2026-10-09T01:39:41.314000+00:00,0,0
P00025,PBSAP-06,W4400691459,3,,2026-10-09T01:43:31.085000+00:00,0,0
P00026,PBSAP-14,W4412506907,2,,2026-10-09T02:01:05.483000+00:00,0,0
P00027,PBSAP-20,W4412040795,3,,2026-10-09T02:20:22.519000+00:00,0,0
P00028,PBSAP-20,W2159619626,3,,2026-10-09T02:21:48.787000+00:00,0,1
P00029,PBSAP-22,W2966015057,2,,2026-10-09T02:51:37.423000+00:00,0,0
P00030,PBSAP-13,W1567522067,3,,2026-10-09T01:58:51.477000+00:00,0,0
P00031,PBSAP-04,W4399813296,2,,2026-10-09T01:36:07.956000+00:00,0,0
P00032,PBSAP-02,W2485532749,1,,2026-10-09T01:29:00.643000+00:00,0,1
P00033,PBSAP-21,W4400344315,3,,2026-10-09T02:49:48.031000+00:00,0,0
P00034,PBSAP-21,W4401176757,3,,2026-10-09T02:50:07.960000+00:00,0,0
P00035,PBSAP-12,W2922249169,3,,2026-10-09T01:55:53.654000+00:00,0,0
P00036,PBSAP-08,W4389192956,2,,2026-10-09T01:47:37.172000+00:00,0,0
P00037,PBSAP-20,S2_990a41e1730e061b73c74bc9403d47118f99ac85,3,,2026-10-09T02:22:51.525000+00:00,0,0
P00038,PBSAP-13,W4406748347,3,,2026-10-09T01:59:41.763000+00:00,0,0
P00039,PBSAP-13,W4400131744,2,,2026-10-09T02:00:13.180000+00:00,0,1
P00040,PBSAP-11,S2_72af8f91f72219fb6ee1a04da907fab2b4993018,2,,2026-10-09T01:54:04.376000+00:00,0,0
P00041,PBSAP-08,S2_63859ccddaac7e2b835e6ec440b0dfbac2a00829,3,,2026-10-09T01:48:17.251000+00:00,0,0
P00042,PBSAP-15,W4289263581,3,,2026-10-09T02:03:56.161000+00:00,0,0
P00043,PBSAP-02,W4399385125,3,,2026-10-09T01:29:51.095000+00:00,0,0
P00044,PBSAP-06,W3014575520,3,,2026-10-09T01:44:17.707000+00:00,0,0
P00047,PBSAP-10,W2562713321,3,,2026-10-09T01:51:44.349000+00:00,0,0
P00048,PBSAP-09,W7167346898,3,,2026-10-09T01:50:19.713000+00:00,0,0
P00049,PBSAP-03,W4393091680,3,,2026-10-09T01:30:51.847000+00:00,0,0
P00051,PBSAP-18,W4412040795,3,,2026-10-09T02:12:34.631000+00:00,0,0
P00053,PBSAP-10,S2_73f716bcd75ca1277643bfbc32c4c5b073ba7e31,3,,2026-10-09T01:52:06.142000+00:00,0,0
P00059,PBSAP-22,W4401485438,3,,2026-10-09T02:52:04.593000+00:00,0,0
P00063,PBSAP-14,W3148798085,2,,2026-10-09T02:01:43.575000+00:00,0,1
P00065,PBSAP-03,W4412183575,3,,2026-10-09T01:32:32.534000+00:00,0,0
P00071,PBSAP-18,S2_53ff6bdd80a4c6f886e3747aef1a322d729f3e1a,3,,2026-10-09T02:15:07.700000+00:00,0,0
P00077,PBSAP-07,W4407507071,3,,2026-10-09T01:45:29.837000+00:00,0,0
P00078,PBSAP-07,W2352073799,2,,2026-10-09T01:45:54.629000+00:00,0,1
P00098,PBSAP-19,S2_990a41e1730e061b73c74bc9403d47118f99ac85,3,,2026-10-09T02:16:58.671000+00:00,0,0
P00099,PBSAP-19,W2277658191,3,,2026-10-09T02:18:08.236000+00:00,0,0
P00112,PBSAP-23,W3148798085,2,,2026-10-09T02:52:36.561000+00:00,0,1
P00145,PBSAP-23,W7203762891,3,,2026-10-09T02:53:18.675000+00:00,0,0
