pair_id,topic_id,doc_id,year,overlap
P00000,PBSAP-17,W1885296745,2009,1
P00001,PBSAP-02,W7117240352,2025,1
P00002,PBSAP-13,W4412044687,2025,1
P00003,PBSAP-05,W4379365480,2023,1
P00004,PBSAP-05,W2279736519,2005,1
P00005,PBSAP-17,W4402971859,2024,1
P00006,PBSAP-04,W2542377898,2012,1
P00007,PBSAP-01,W4413449508,2025,1
P00008,PBSAP-16,W7217033531,2025,1
P00009,PBSAP-06,W859661940,2015,1
P00010,PBSAP-12,W2779613575,2017,1
P00011,PBSAP-16,W2929380377,2019,1
P00012,PBSAP-06,W4413743321,2025,1
P00013,PBSAP-01,W3108704521,2016,1
P00014,PBSAP-21,W4406673699,2025,1
P00015,PBSAP-11,W4389520227,2023,1
P00016,PBSAP-17,S2_e4a23859e6ca4f6beef2554ec6907efddb5a2b3c,2019,1
P00017,PBSAP-16,W4414186735,2025,1
P00018,PBSAP-09,W4401530171,2024,1
P00019,PBSAP-02,W4409253631,2025,1
P00020,PBSAP-21,W3135220306,2021,1
P00021,PBSAP-15,S2_c36bf128e23f55df3360d1138fbaa3262a856ad7,2025,1
P00022,PBSAP-04,W4378214736,2023,1
P00023,PBSAP-01,W4411101325,2025,1
P00024,PBSAP-05,W2786268704,2018,1
P00025,PBSAP-06,W4400691459,2024,1
P00026,PBSAP-14,W4412506907,2025,1
P00027,PBSAP-20,W4412040795,2025,1
P00028,PBSAP-20,W2159619626,2013,1
P00029,PBSAP-22,W2966015057,2019,1
P00030,PBSAP-13,W1567522067,2009,1
P00031,PBSAP-04,W4399813296,2024,1
P00032,PBSAP-02,W2485532749,2016,1
P00033,PBSAP-21,W4400344315,2024,1
P00034,PBSAP-21,W4401176757,2024,1
P00035,PBSAP-12,W2922249169,2019,1
P00036,PBSAP-08,W4389192956,2023,1
P00037,PBSAP-20,S2_990a41e1730e061b73c74bc9403d47118f99ac85,2025,1
P00038,PBSAP-13,W4406748347,2025,1
P00039,PBSAP-13,W4400131744,2024,1
P00040,PBSAP-11,S2_72af8f91f72219fb6ee1a04da907fab2b4993018,2021,1
P00041,PBSAP-08,S2_63859ccddaac7e2b835e6ec440b0dfbac2a00829,2021,1
P00042,PBSAP-15,W4289263581,2022,1
P00043,PBSAP-02,W4399385125,2024,1
P00044,PBSAP-06,W3014575520,2019,1
P00045,PBSAP-02,W7124709407,2025,0
P00046,PBSAP-04,W4405260881,2006,0
P00047,PBSAP-10,W2562713321,2016,1
P00048,PBSAP-09,W7167346898,2022,1
P00049,PBSAP-03,W4393091680,2012,1
P00050,PBSAP-06,W4380536720,2023,0
P00051,PBSAP-18,W4412040795,2025,1
P00052,PBSAP-08,W4284688108,2022,0
P00053,PBSAP-10,S2_73f716bcd75ca1277643bfbc32c4c5b073ba7e31,2019,1
P00054,PBSAP-20,W4414186735,2025,0
P00055,PBSAP-11,W3175313232,2021,0
P00056,PBSAP-11,S2_30ad9a5f2c59699fda79655f922e51ea144395d2,2025,0
P00057,PBSAP-12,W2981929374,2019,0
P00058,PBSAP-02,W3171163790,2021,0
P00059,PBSAP-22,W4401485438,2024,1
P00060,PBSAP-12,W7128514123,2023,0
P00061,PBSAP-08,S2_9b108644d1ea3f019ed8b5aee0a17c5f7e9664f8,2010,0
P00062,PBSAP-04,W4408882630,2020,0
P00063,PBSAP-14,W3148798085,2021,1
P00064,PBSAP-20,W2884937716,2018,0
P00065,PBSAP-03,W4412183575,2025,1
P00066,PBSAP-04,W3204525239,2021,0
P00067,PBSAP-03,W3203944886,2021,0
P00068,PBSAP-20,W4407191573,2025,0
P00069,PBSAP-20,W7165360961,2024,0
P00070,PBSAP-01,W7216180733,2025,0
P00071,PBSAP-18,S2_53ff6bdd80a4c6f886e3747aef1a322d729f3e1a,2016,1
P00072,PBSAP-01,W2542377898,2012,0
P00073,PBSAP-05,W4382752600,2023,0
P00074,PBSAP-04,W3016904115,2020,0
P00075,PBSAP-04,W4417227324,2025,0
P00076,PBSAP-22,W4385536703,2023,0
P00077,PBSAP-07,W4407507071,2024,1
P00078,PBSAP-07,W2352073799,2014,1
P00079,PBSAP-09,W3009126446,2019,0
P00080,PBSAP-21,W4406621510,2025,0
P00081,PBSAP-20,W7128442380,2025,0
P00082,PBSAP-07,W4389547166,2023,0
P00083,PBSAP-06,W4411240772,2025,0
P00084,PBSAP-04,W2120351078,2015,0
P00085,PBSAP-06,W7164405707,2024,0
P00086,PBSAP-21,W2050101688,2011,0
P00087,PBSAP-04,W2909723494,2019,0
P00088,PBSAP-22,W7128442380,2025,0
P00089,PBSAP-20,W4389287604,2023,0
P00090,PBSAP-09,W2313622369,2016,0
P00091,PBSAP-14,W2126404776,2014,0
P00092,PBSAP-20,W2890002464,2007,0
P00093,PBSAP-09,W3204525239,2021,0
P00094,PBSAP-02,S2_9cb003ac1151047201c67ff14c3543db5c23b561,2006,0
P00095,PBSAP-21,W4412040795,2025,0
P00096,PBSAP-18,W7214047140,2022,0
P00097,PBSAP-18,S2_a9d52747c36c7447c04900b4c7a3900ae1956e3f,2011,0
P00098,PBSAP-19,S2_990a41e1730e061b73c74bc9403d47118f99ac85,2025,1
P00099,PBSAP-19,W2277658191,2015,1
P00100,PBSAP-14,W2342732913,2015,0
P00101,PBSAP-07,W2402690890,2016,0
P00102,PBSAP-13,W4400344315,2024,0
P00103,PBSAP-14,W7220257467,2025,0
P00104,PBSAP-13,W4321515620,2006,0
P00105,PBSAP-08,W4205704710,2021,0
P00106,PBSAP-15,W4403258450,2024,0
P00107,PBSAP-21,W1593209885,2015,0
P00108,PBSAP-08,W4415656728,2025,0
P00109,PBSAP-06,S2_45eca6a156f6ef0cf8581c21b1191b05be39518b,2025,0
P00110,PBSAP-09,W2786268704,2018,0
P00111,PBSAP-12,W2673587905,2017,0
P00112,PBSAP-23,W3148798085,2021,1
P00113,PBSAP-14,S2_4cc97dd36db744d6958765cd23ba4f0c8215ab42,2023,0
P00114,PBSAP-12,W4400318614,2024,0
P00115,PBSAP-13,W2167371444,2012,0
P00116,PBSAP-22,W2069105096,2007,0
P00117,PBSAP-18,W2277658191,2015,0
P00118,PBSAP-01,W3217007692,2021,0
P00119,PBSAP-20,W1603507857,2013,0
P00120,PBSAP-14,W4395008763,2024,0
P00121,PBSAP-06,W1853248936,2011,0
P00122,PBSAP-20,S2_7542d52d104cb50b76a2b81abe4cb196e4ef3bd3,2025,0
P00123,PBSAP-07,W3161478110,2021,0
P00124,PBSAP-16,W4213190475,2022,0
P00125,PBSAP-14,W3016904115,2020,0
P00126,PBSAP-17,W2218576507,2012,0
P00127,PBSAP-10,W7203736561,2023,0
P00128,PBSAP-18,S2_3cff0c31944d73e9c187c5dfa5398be262a2a695,2019,0
P00129,PBSAP-09,W2808891583,2018,0
P00130,PBSAP-17,W4041787,2006,0
P00131,PBSAP-22,S2_990a41e1730e061b73c74bc9403d47118f99ac85,2025,0
P00132,PBSAP-10,W4402110947,2024,0
P00133,PBSAP-18,W4391256934,2024,0
P00134,PBSAP-22,W7215025714,2021,0
P00135,PBSAP-18,W4308625497,2022,0
P00136,PBSAP-06,W4386934009,2023,0
P00137,PBSAP-19,W2138277462,2013,0
P00138,PBSAP-21,W4393353983,2024,0
P00139,PBSAP-16,S2_9336575cd80f17c9df61d06d7d617f8f0d12ee65,2023,0
P00140,PBSAP-17,W3200111825,2021,0
P00141,PBSAP-05,W2808891583,2018,0
P00142,PBSAP-10,W3156975388,2017,0
P00143,PBSAP-19,W4392378610,2024,0
P00144,PBSAP-05,W3204525239,2021,0
P00145,PBSAP-23,W7203762891,2025,1
P00146,PBSAP-19,W4410834963,2025,0
P00147,PBSAP-03,W4386331097,2023,0
P00148,PBSAP-09,W4400131744,2024,0
P00149,PBSAP-10,W4412040795,2025,0
P00150,PBSAP-06,W2948065736,2019,0
P00151,PBSAP-08,W2585505791,2017,0
P00152,PBSAP-23,W4411958778,2025,0
P00153,PBSAP-07,W1793960580,2015,0
P00154,PBSAP-22,W2145438031,2014,0
P00155,PBSAP-21,W4410914975,2024,0
P00156,PBSAP-05,W4387972153,2023,0
P00157,PBSAP-12,W4395008763,2024,0
P00158,PBSAP-10,S2_8da3451eb28c19f1de34677cbac5742ee5d12a8e,2025,0
P00159,PBSAP-03,W4413449508,2025,0
P00160,PBSAP-19,W4385248007,2021,0
P00161,PBSAP-18,W1544602039,2014,0
P00162,PBSAP-22,W2802079037,2018,0
P00163,PBSAP-10,W4417216203,2025,0
P00164,PBSAP-21,W2515998503,2016,0
P00165,PBSAP-02,W33323309,2007,0
P00166,PBSAP-18,W4395447577,2024,0
P00167,PBSAP-01,W4287219592,2022,0
P00168,PBSAP-23,W4414510181,2025,0
P00169,PBSAP-14,S2_07a828605a8b53d56c947e9ea4e772d14de2c63e,2021,0
P00170,PBSAP-16,W3204525239,2021,0
P00171,PBSAP-08,W2086040564,2011,0
P00172,PBSAP-07,W2169278375,2009,0
P00173,PBSAP-07,W2510889377,2016,0
P00174,PBSAP-13,W3200111825,2021,0
P00175,PBSAP-18,W20757553,2012,0
P00176,PBSAP-19,W7214047140,2022,0
P00177,PBSAP-04,W7134227437,2025,0
P00178,PBSAP-05,W4295278544,2021,0
P00179,PBSAP-05,W7212125727,2021,0
P00180,PBSAP-04,W4311292266,2022,0
P00181,PBSAP-03,W4378447969,2023,0
P00182,PBSAP-23,W4401007949,2024,0
P00183,PBSAP-16,W4389520227,2023,0
P00184,PBSAP-23,W4417325046,2025,0
P00185,PBSAP-11,W4408351182,2024,0
P00186,PBSAP-11,S2_63859ccddaac7e2b835e6ec440b0dfbac2a00829,2021,0
P00187,PBSAP-10,W4415656728,2025,0
P00188,PBSAP-12,S2_9bed369b0f9e87ca2700e6266dd33da23bd7db4c,2025,0
P00189,PBSAP-01,W4386331097,2023,0
P00190,PBSAP-11,W2773910037,2017,0
P00191,PBSAP-15,W4410834963,2025,0
P00192,PBSAP-11,W4379797892,2023,0
P00193,PBSAP-08,W2773910037,2017,0
P00194,PBSAP-14,W3093727647,2020,0
P00195,PBSAP-13,W4401530171,2024,0
P00196,PBSAP-18,W4410834963,2025,0
P00197,PBSAP-09,W3174895525,2021,0
P00198,PBSAP-08,W2468565069,2016,0
P00199,PBSAP-12,W7128304332,2021,0
P00200,PBSAP-17,W2276919489,2009,0
P00201,PBSAP-03,W2120351078,2015,0
P00202,PBSAP-14,W1480932035,2011,0
P00203,PBSAP-07,W4386962819,2023,0
P00204,PBSAP-23,W2993403696,2014,0
P00205,PBSAP-02,S2_4e36d1af617e80b783206b38dc9d713c7862c01c,2024,0
P00206,PBSAP-22,W4410399810,2025,0
P00207,PBSAP-12,W2990588419,2019,0
P00208,PBSAP-03,W1501813999,2008,0
P00209,PBSAP-16,W4400668787,2024,0
P00210,PBSAP-19,S2_3cff0c31944d73e9c187c5dfa5398be262a2a695,2019,0
P00211,PBSAP-04,W2969061020,2019,0
P00212,PBSAP-02,W4412040795,2025,0
P00213,PBSAP-03,W3108704521,2016,0
P00214,PBSAP-06,W1571560810,2008,0
P00215,PBSAP-05,W4402494050,2023,0
P00216,PBSAP-10,W3103428383,2020,0
P00217,PBSAP-15,S2_c72dbb9114fd5f11074b2e862e1a2c91876c13aa,2020,0
P00218,PBSAP-10,W2573964298,2013,0
P00219,PBSAP-17,W1526182800,2009,0
P00220,PBSAP-13,W4410364108,2025,0
P00221,PBSAP-18,W2584863268,2013,0
P00222,PBSAP-17,W4311185537,2022,0
P00223,PBSAP-23,W7128442380,2025,0
P00224,PBSAP-15,W4400318614,2024,0
P00225,PBSAP-03,W2230288673,2008,0
P00226,PBSAP-19,W4381803799,2023,0
P00227,PBSAP-23,W4416745341,2025,0
P00228,PBSAP-04,W3216364292,2021,0
P00229,PBSAP-19,W4409253631,2025,0
P00230,PBSAP-03,W2342732913,2015,0
P00231,PBSAP-19,W2112102997,2012,0
P00232,PBSAP-12,W4313009438,2022,0
P00233,PBSAP-23,W4391481187,2024,0
P00234,PBSAP-01,W7117574889,2025,0
P00235,PBSAP-07,W7117981078,2025,0
P00236,PBSAP-15,W4414269792,2025,0
P00237,PBSAP-09,W4214750964,2022,0
P00238,PBSAP-20,W3174154525,2021,0
P00239,PBSAP-18,W1543590217,2015,0
P00240,PBSAP-01,W2342732913,2015,0
P00241,PBSAP-02,W7153338599,2025,0
P00242,PBSAP-23,W4388730417,2023,0
P00243,PBSAP-20,W2591298098,2017,0
P00244,PBSAP-15,W4417216203,2025,0
P00245,PBSAP-19,W4412040795,2025,0
P00246,PBSAP-12,W4416862269,2025,0
P00247,PBSAP-15,W3093563774,2020,0
P00248,PBSAP-03,W2955304591,2019,0
P00249,PBSAP-07,W4416457425,2025,0
P00250,PBSAP-17,W2279951851,2016,0
P00251,PBSAP-05,W4399612554,2022,0
P00252,PBSAP-19,W4312559589,2022,0
P00253,PBSAP-05,S2_c66fd4a176bed2043b1cfc7c2540b64637c1d5fc,2009,0
P00254,PBSAP-08,W1938137845,2015,0
P00255,PBSAP-17,W2976099232,2019,0
P00256,PBSAP-06,W4380630464,2023,0
P00257,PBSAP-14,W2955304591,2019,0
P00258,PBSAP-03,W2164623622,2015,0
P00259,PBSAP-01,S2_ded5cb3a96ffe5887c19379eecbc6ecee5746218,2007,0
P00260,PBSAP-21,W4413846361,2025,0
P00261,PBSAP-05,W3213911384,2021,0
P00262,PBSAP-04,S2_e7a962fa90839c56c79e7faa574828af6c27cef2,2025,0
P00263,PBSAP-14,W4378447969,2023,0
P00264,PBSAP-21,W4401530171,2024,0
P00265,PBSAP-11,W4382632468,2023,0
P00266,PBSAP-02,W4407398510,2024,0
P00267,PBSAP-10,W4289263581,2022,0
P00268,PBSAP-21,S2_3cff0c31944d73e9c187c5dfa5398be262a2a695,2019,0
P00269,PBSAP-04,W2230288673,2008,0
P00270,PBSAP-18,W2015199826,2012,0
P00271,PBSAP-23,W3001813355,2020,0
P00272,PBSAP-02,W2087254397,2007,0
P00273,PBSAP-13,W1971999535,2015,0
P00274,PBSAP-22,W7166862734,2025,0
P00275,PBSAP-11,W2080521276,2014,0
P00276,PBSAP-01,W4412040795,2025,0
P00277,PBSAP-14,W4399684148,2024,0
P00278,PBSAP-11,S2_ae0c2a0a4d5661b9984fecf24b107d8e23ab0ddd,2024,0
P00279,PBSAP-10,CR_10.47125_jesam_2020_2_02,2020,0
P00280,PBSAP-12,W4392147228,2024,0
P00281,PBSAP-11,W2120351078,2015,0
P00282,PBSAP-17,W2995685838,2019,0
P00283,PBSAP-09,W3014575520,2019,0
P00284,PBSAP-02,S2_ca92060e6d57c31b8be63e7e98193c28ca285787,2022,0
P00285,PBSAP-21,W4395008763,2024,0
P00286,PBSAP-11,W4406310182,2025,0
P00287,PBSAP-08,S2_0d19e96387c931fc4983e2d58643c62cc270040f,2022,0
P00288,PBSAP-20,W4323974790,2023,0
P00289,PBSAP-15,W4410531560,2025,0
P00290,PBSAP-01,W7134227437,2025,0
P00291,PBSAP-12,W4400989671,2022,0
P00292,PBSAP-06,W4389345136,2023,0
P00293,PBSAP-16,W3133525125,2021,0
P00294,PBSAP-14,W2087423504,2009,0
P00295,PBSAP-19,S2_a57b78f38afa529c1fe5522777b46c7bffc76a89,2025,0
P00296,PBSAP-04,W4229025685,2022,0
P00297,PBSAP-09,W4410779488,2025,0
P00298,PBSAP-10,S2_8fc65d06f67bc4a087735396608920ee556a3b81,2022,0
P00299,PBSAP-08,W1556955148,2015,0
P00300,PBSAP-01,W4378447969,2023,0
P00301,PBSAP-15,W3133999024,2021,0
P00302,PBSAP-06,S2_573448af3e4cf51118387a8c5619f4dbe6b00910,2006,0
P00303,PBSAP-22,W4405979884,2024,0
P00304,PBSAP-05,W3014575520,2019,0
P00305,PBSAP-22,W4411958778,2025,0
P00306,PBSAP-11,W4412183575,2025,0
P00307,PBSAP-11,W3194620394,2021,0
P00308,PBSAP-13,W4220660132,2022,0
P00309,PBSAP-10,S2_8c66cf5d6cd11c4e4a35d61fd460e5f97fce47f9,2020,0
P00310,PBSAP-16,W4378219384,2023,0
P00311,PBSAP-09,W2723375828,2008,0
P00312,PBSAP-22,W4414510181,2025,0
P00313,PBSAP-18,S2_8c66cf5d6cd11c4e4a35d61fd460e5f97fce47f9,2020,0
P00314,PBSAP-21,W3174154525,2021,0
P00315,PBSAP-15,W7216180733,2025,0
P00316,PBSAP-10,W4413602529,2025,0
P00317,PBSAP-22,W4414809216,2025,0
P00318,PBSAP-02,W7172202359,2025,0
P00319,PBSAP-06,W4413798916,2025,0
P00320,PBSAP-01,W2164623622,2015,0
P00321,PBSAP-16,W3097024190,2019,0
P00322,PBSAP-03,W3217458552,2021,0
P00323,PBSAP-05,S2_22033d5310e78cb9c89f780ef47f11e72528f71a,2019,0
P00324,PBSAP-17,W2238157130,2015,0
P00325,PBSAP-07,W3138942864,2021,0
P00326,PBSAP-23,W4415950227,2025,0
P00327,PBSAP-05,S2_29e69f3dfa0edeaa997d6ee59ca72492e90da1d3,2019,0
P00328,PBSAP-13,S2_abbfca136b3504341088138c0764a093e985bc57,2020,0
P00329,PBSAP-01,W4312267941,2021,0
P00330,PBSAP-06,W4405759221,2024,0
P00331,PBSAP-11,S2_9c450a80461f609dab3dc99e4576e7c6a0bc02e9,2020,0
P00332,PBSAP-23,W2952213043,2019,0
P00333,PBSAP-22,W4414864666,2025,0
P00334,PBSAP-02,W4411536063,2025,0
P00335,PBSAP-15,W4221045540,2022,0
P00336,PBSAP-12,S2_7130af289ec403fe1fe92db9945b6aa20842afb3,2024,0
P00337,PBSAP-16,W4214828633,2022,0
P00338,PBSAP-04,W2955304591,2019,0
P00339,PBSAP-13,W4384828036,2023,0
P00340,PBSAP-05,W3009126446,2019,0
P00341,PBSAP-07,W4399814953,2024,0
P00342,PBSAP-03,W1594542371,2013,0
P00343,PBSAP-06,W4386087648,2023,0
P00344,PBSAP-11,W2277658191,2015,0
P00345,PBSAP-03,W7134227437,2025,0
P00346,PBSAP-06,W7114780924,2025,0
P00347,PBSAP-03,W1984683301,2012,0
P00348,PBSAP-16,W3176665606,2021,0
P00349,PBSAP-11,W4401480772,2024,0
P00350,PBSAP-21,W4404524185,2024,0
P00351,PBSAP-13,W4412040795,2025,0
P00352,PBSAP-09,W4406748347,2025,0
P00353,PBSAP-07,W4409964762,2025,0
P00354,PBSAP-15,W4376138358,2023,0
P00355,PBSAP-23,W7215025714,2021,0
P00356,PBSAP-15,W4412040795,2025,0
P00357,PBSAP-01,W4412183575,2025,0
P00358,PBSAP-17,S2_4325b3fbde129eacf44ae80485e9ad8dcc29f046,2014,0
P00359,PBSAP-10,W2620975379,2017,0
P00360,PBSAP-05,W3058305516,2020,0
P00361,PBSAP-14,W4412040795,2025,0
P00362,PBSAP-20,W2751151007,2017,0
P00363,PBSAP-19,W1528361483,2008,0
P00364,PBSAP-14,W4414269792,2025,0
P00365,PBSAP-15,W4384807049,2023,0
P00366,PBSAP-03,W2929380377,2019,0
P00367,PBSAP-03,W2081623219,2008,0
P00368,PBSAP-10,W4205144949,2021,0
P00369,PBSAP-20,W4402148428,2024,0
P00370,PBSAP-09,S2_29e69f3dfa0edeaa997d6ee59ca72492e90da1d3,2019,0
P00371,PBSAP-12,W4404283411,2024,0
P00372,PBSAP-16,S2_990a41e1730e061b73c74bc9403d47118f99ac85,2025,0
P00373,PBSAP-03,W4411101325,2025,0
P00374,PBSAP-02,W4400513480,2024,0
P00375,PBSAP-08,W4386484833,2023,0
P00376,PBSAP-19,S2_7542d52d104cb50b76a2b81abe4cb196e4ef3bd3,2025,0
P00377,PBSAP-02,W2409742293,2016,0
P00378,PBSAP-20,S2_3cff0c31944d73e9c187c5dfa5398be262a2a695,2019,0
P00379,PBSAP-16,S2_c36bf128e23f55df3360d1138fbaa3262a856ad7,2025,0
P00380,PBSAP-08,W2730785316,2017,0
P00381,PBSAP-17,W1975108901,2012,0
P00382,PBSAP-16,W4389358939,2023,0
P00383,PBSAP-08,W3016463580,2020,0
P00384,PBSAP-05,S2_e12f51b32a59d84ebff19f320b644ee882d59de5,2019,0
P00385,PBSAP-07,W2084245869,2011,0
P00386,PBSAP-18,W1971999535,2015,0
P00387,PBSAP-23,W4410399810,2025,0
P00388,PBSAP-15,W2040848432,2014,0
P00389,PBSAP-09,W7216180733,2025,0
P00390,PBSAP-11,W4312559589,2022,0
P00391,PBSAP-05,W2467046380,2016,0
P00392,PBSAP-13,W1594542371,2013,0
P00393,PBSAP-14,S2_a57b78f38afa529c1fe5522777b46c7bffc76a89,2025,0
P00394,PBSAP-08,W4395008763,2024,0
P00395,PBSAP-12,S2_f09a8e87e97de386a38b5f1206623a0784fbcb15,2020,0
P00396,PBSAP-10,W3093563774,2020,0
P00397,PBSAP-16,S2_43006f2afc5d9cea514be3c666b1f442e84e04b2,2023,0
P00398,PBSAP-14,W3108704521,2016,0
P00399,PBSAP-19,S2_43d3666a59fa86e0986f6ec12b8f989e3aaca600,2022,0
P00400,PBSAP-23,W7153338599,2025,0
P00401,PBSAP-07,CR_10.62550_en18053023,2025,0
P00402,PBSAP-19,W4395008763,2024,0
P00403,PBSAP-09,W2467046380,2016,0
P00404,PBSAP-18,W3093563774,2020,0
P00405,PBSAP-13,W4404524185,2024,0
P00406,PBSAP-22,W7165360961,2024,0
P00407,PBSAP-14,S2_3cff0c31944d73e9c187c5dfa5398be262a2a695,2019,0
P00408,PBSAP-07,W4411008696,2025,0
P00409,PBSAP-20,W4396732615,2024,0
P00410,PBSAP-17,W1459175984,2009,0
P00411,PBSAP-06,W4410281535,2025,0
P00412,PBSAP-13,W2950013675,2017,0
P00413,PBSAP-02,W2061234940,2007,0
P00414,PBSAP-16,W4412040795,2025,0
P00415,PBSAP-11,W4408768228,2025,0
P00416,PBSAP-18,W4401111444,2024,0
P00417,PBSAP-19,W4402148428,2024,0
P00418,PBSAP-09,S2_22033d5310e78cb9c89f780ef47f11e72528f71a,2019,0
P00419,PBSAP-07,W3215128528,2021,0
P00420,PBSAP-20,W4415859928,2025,0
P00421,PBSAP-19,S2_621f959862afabacf00b11da48e042a99e581805,2016,0
P00422,PBSAP-10,W4414269792,2025,0
P00423,PBSAP-15,S2_d9ae6d72bbca3bcae5e975ed8c5c7a3ce1f895c4,2020,0
P00424,PBSAP-02,W4410834963,2025,0
P00425,PBSAP-16,W4403258450,2024,0
P00426,PBSAP-17,W7217789486,2025,0
P00427,PBSAP-15,W4402140654,2024,0
P00428,PBSAP-01,W4392295675,2024,0
P00429,PBSAP-21,W4280544448,2022,0
P00430,PBSAP-15,S2_3cff0c31944d73e9c187c5dfa5398be262a2a695,2019,0
P00431,PBSAP-08,W4312559589,2022,0
P00432,PBSAP-01,W2955304591,2019,0
P00433,PBSAP-04,W4378447969,2023,0
P00434,PBSAP-07,W2046051800,2010,0
P00435,PBSAP-22,W7126074537,2025,0
P00436,PBSAP-08,W4353005001,2022,0
P00437,PBSAP-21,W4408886430,2025,0
P00438,PBSAP-09,W7212125727,2021,0
P00439,PBSAP-13,W7166862734,2025,0
P00440,PBSAP-16,W4352984548,2022,0
P00441,PBSAP-17,W7117365149,2025,0
P00442,PBSAP-17,W4306927827,2022,0
P00443,PBSAP-23,W4413342621,2025,0
P00444,PBSAP-12,W4412040795,2025,0
P00445,PBSAP-22,W7153338599,2025,0
P00446,PBSAP-22,W3027970443,2020,0
P00447,PBSAP-07,W7116656793,2025,0
P00448,PBSAP-23,W4407340918,2025,0
P00449,PBSAP-21,W2760625140,2017,0
P00450,PBSAP-23,W7203732379,2025,0
P00451,PBSAP-12,W2129804178,2015,0
P00452,PBSAP-08,W4365502957,2023,0
P00453,PBSAP-13,W1600819951,2008,0
P00454,PBSAP-18,W2984343842,2011,0
P00455,PBSAP-12,W4401069513,2024,0
P00456,PBSAP-01,W2051651993,2012,0
P00457,PBSAP-04,W4220813165,2022,0
P00458,PBSAP-09,W7217033531,2025,0
P00459,PBSAP-17,W3093563774,2020,0
