pair_id,topic_id,doc_id,grade,raw,ts
P00000,PBSAP-17,W1885296745,3.0,"{""grade"": 3, ""reason"": ""This paper directly discusses the implementation and costs of biosafety regulations for biotechnology in the Philippines, specifically referencing relevant laws, agencies, and genetically modified organisms, making it highly relevant to the goal.""}",1791562219.918987
P00001,PBSAP-02,W7117240352,2.0,"{""grade"": 2, ""reason"": ""The paper provides relevant insights into community responses and restoration strategies for land degradation, which could inform ecosystem restoration efforts in the Philippines, but it is based on Ethiopian case studies rather than Philippine contexts.""}",1791562221.336621
P00002,PBSAP-13,W4412044687,2.0,"{""grade"": 2, ""reason"": ""The paper discusses equitable governance and benefit-sharing in conservation areas globally, which is relevant to the goal, but it does not focus specifically on genetic resources or the Philippine context.""}",1791562222.681171
P00003,PBSAP-05,W4379365480,3.0,"{""grade"": 3, ""reason"": ""This paper directly studies the harvest and use of wild species in the Philippines, providing data on species harvested, traditional practices, and threats, which is highly relevant for meeting and monitoring the goal.""}",1791562223.9124968
P00004,PBSAP-05,W2279736519,3.0,"{""grade"": 3, ""reason"": ""The paper directly discusses the harvest and trade of wild species (trepang) in the Philippines, including regulatory and management issues, which is highly relevant to the goal.""}",1791562225.616064
P00005,PBSAP-17,W4402971859,3.0,"{""grade"": 3, ""reason"": ""The paper directly addresses local perspectives, regulatory challenges, and the need for biosafety measures regarding GM crops in the Philippines, providing insights relevant to managing biotechnology impacts and implementing biosafety regulations.""}",1791562227.255671
P00006,PBSAP-04,W2542377898,3.0,"{""grade"": 3, ""reason"": ""The paper develops and applies a method for setting landscape management targets for threatened species in the Philippines, directly supporting improved governance and management regimes for species and genetic diversity as outlined in the goal.""}",1791562228.32086
P00007,PBSAP-01,W4413449508,3.0,"{""grade"": 3, ""reason"": ""This paper directly evaluates OECMs in the Philippines, discusses their effectiveness, and addresses the need for improved policy and spatial planning, making it highly relevant to the goal of biodiversity-inclusive land and sea use planning.""}",1791562230.669783
P00008,PBSAP-16,W7217033531,2.0,"{""grade"": 2, ""reason"": ""The paper discusses environmental crime in the Philippines, including waste management violations, which is indirectly relevant to unsustainable consumption, but it does not directly address policy instruments or strategies for promoting sustainable consumption and production.""}",1791562232.2441568
P00009,PBSAP-06,W859661940,1.0,"{""grade"": 1, ""reason"": ""The paper focuses on biodiversity monitoring and conservation in a Philippine protected area but does not address invasive alien species or their management.""}",1791562233.640959
P00010,PBSAP-12,W2779613575,3.0,"{""grade"": 3, ""reason"": ""The paper includes an in-depth case study of Manila, Philippines, focusing on green infrastructure planning and urban resilience, directly informing efforts to increase access to green and blue spaces in Philippine cities.""}",1791562235.588663
P00011,PBSAP-16,W2929380377,2.0,"{""grade"": 2, ""reason"": ""The paper is relevant as it addresses global patterns of unsustainable consumption (commercial harvesting), but it does not focus on the Philippines or policy instruments for sustainable consumption.""}",1791562237.118335
P00012,PBSAP-06,W4413743321,3.0,"{""grade"": 3, ""reason"": ""This paper directly provides comprehensive data on established non-native species in the Philippines, which is essential for monitoring, managing, and reducing the spread of invasive alien species as targeted by the goal.""}",1791562238.249158
P00013,PBSAP-01,W3108704521,3.0,"{""grade"": 3, ""reason"": ""The paper is directly about landscape-level spatial planning for biodiversity conservation in the Philippines, addressing land use policy and stakeholder coordination, which aligns closely with the goal.""}",1791562239.682178
P00014,PBSAP-21,W4406673699,3.0,"{""grade"": 3, ""reason"": ""The paper directly addresses the documentation, preservation, and integration of traditional ecological knowledge in the Philippines, aligning closely with the goal's focus on knowledge systems, education, and information accessibility for biodiversity.""}",1791562241.219167
P00015,PBSAP-11,W4389520227,3.0,"{""grade"": 3, ""reason"": ""The paper directly addresses the impacts of climate change and extreme events on Philippine forest ecosystems, discusses mitigation strategies, and highlights the importance of policy and ecosystem services, making it highly relevant to the goal of enhancing ecosystem resilience and stability in vulnerable areas.""}",1791562242.522215
P00016,PBSAP-17,S2_e4a23859e6ca4f6beef2554ec6907efddb5a2b3c,3.0,"{""grade"": 3, ""reason"": ""This paper directly analyzes the biosafety regulatory approach, governance, and implementation of biosafety measures for GM crops in the Philippines, addressing the agencies, laws, and challenges central to the goal.""}",1791562243.555846
P00017,PBSAP-16,W4414186735,3.0,"{""grade"": 3, ""reason"": ""This paper directly addresses sustainable consumption and production in the Philippines by evaluating policy, economic, and organizational factors for adopting sustainable aviation fuel, aligning with the goal of eliminating unsustainable consumption through policy instruments and coordinated action.""}",1791562244.802191
P00018,PBSAP-09,W4401530171,2.0,"{""grade"": 2, ""reason"": ""The paper discusses benefit-sharing, stakeholder engagement, and governance in sustainable forest use (REDD+) in Nepal, which is conceptually relevant but not directly about Philippine wildlife or fisheries management under RA 9147 or RA 10654.""}",1791562246.571313
P00019,PBSAP-02,W4409253631,2.0,"{""grade"": 2, ""reason"": ""The paper provides relevant insights and methodologies for participatory forest restoration and ecosystem rehabilitation, but it is based in Nepal and not directly about the Philippines.""}",1791562248.0789728
P00020,PBSAP-21,W3135220306,2.0,"{""grade"": 2, ""reason"": ""The paper discusses regional efforts to improve biodiversity information systems, capacity building, and data accessibility, which are relevant to the goal, but it is not specific to the Philippines.""}",1791562249.265068
P00021,PBSAP-15,S2_c36bf128e23f55df3360d1138fbaa3262a856ad7,2.0,"{""grade"": 2, ""reason"": ""The paper discusses environmental governance and policy instruments for marine plastic waste in the Philippines, which is relevant to sustainable production and supply chains, but it does not directly address ESG frameworks or biodiversity-specific reporting.""}",1791562250.192886
P00022,PBSAP-04,W4378214736,3.0,"{""grade"": 3, ""reason"": ""The paper directly synthesizes biodiversity data on threatened birds and mammals in Mindanao, identifies conservation priorities, and discusses species distribution and vulnerability, which are central to active management and monitoring of species and genetic diversity in the Philippines.""}",1791562251.458518
P00023,PBSAP-01,W4411101325,2.0,"{""grade"": 2, ""reason"": ""The paper discusses spatial planning for biodiversity conservation and includes the Philippines in its analysis, but it is a global comparative study and does not focus specifically on Philippine land and sea use planning or management plan integration.""}",1791562252.644694
P00024,PBSAP-05,W2786268704,3.0,"{""grade"": 3, ""reason"": ""The paper directly evaluates the impact of a harvest control policy (closed fishing season) on wild sardine species in the Philippines, providing empirical evidence relevant to sustainable harvest, trade, and use of wild species as outlined in the goal.""}",1791562253.778892
P00025,PBSAP-06,W4400691459,3.0,"{""grade"": 3, ""reason"": ""This paper is directly about invasive alien species management in a Philippine protected area, providing insights and recommendations that could help meet or monitor the goal of reducing IAS spread.""}",1791562254.890562
P00026,PBSAP-14,W4412506907,2.0,"{""grade"": 2, ""reason"": ""The paper is about mainstreaming climate change adaptation (not biodiversity) into urban planning in Metro Manila, so it is relevant for mainstreaming approaches and policy integration but only indirectly addresses biodiversity.""}",1791562256.0341382
P00027,PBSAP-20,W4412040795,2.0,"{""grade"": 2, ""reason"": ""The paper discusses policy frameworks, community participation, and capacity-related challenges in a major Philippine environmental program, but does not directly address capacity-building mechanisms or technology transfer as outlined in the goal.""}",1791562257.602301
P00028,PBSAP-20,W2159619626,2.0,"{""grade"": 2, ""reason"": ""The paper discusses capacity building and leadership development relevant to environmental management in developing countries, but it is not specific to biodiversity or the Philippines.""}",1791562258.477109
P00029,PBSAP-22,W2966015057,2.0,"{""grade"": 2, ""reason"": ""The paper reviews social science research on biodiversity in the Cordillera, touching on decision-making and partnerships relevant to IPLC participation, but does not directly address or evaluate IPLC participation or representation in biodiversity management.""}",1791562260.116597
P00030,PBSAP-13,W1567522067,3.0,"{""grade"": 3, ""reason"": ""The paper directly analyzes how international treaties relevant to access and benefit sharing (ABS) impact public agricultural R&D in the Philippines, providing insights and frameworks highly relevant to achieving fair and equitable benefit sharing from genetic resources.""}",1791562261.229176
P00031,PBSAP-04,W4399813296,2.0,"{""grade"": 2, ""reason"": ""The paper discusses genetic resource management and conservation of jackfruit, including the Philippines, but is not focused specifically on Philippine governance or management regimes.""}",1791562262.4150898
P00032,PBSAP-02,W2485532749,2.0,"{""grade"": 2, ""reason"": ""The paper discusses a restoration tool for degraded coral reefs that could inform Philippine ecosystem restoration, but it is not specific to the Philippines.""}",1791562263.512985
P00033,PBSAP-21,W4400344315,2.0,"{""grade"": 2, ""reason"": ""The paper discusses knowledge sharing, capacity building, and information dissemination among stakeholders in the Philippines, which is relevant to the goal, but focuses on flood risk management rather than biodiversity information systems specifically.""}",1791562264.4632692
P00034,PBSAP-21,W4401176757,3.0,"{""grade"": 3, ""reason"": ""The paper directly addresses the integration, accessibility, and practical application of Indigenous Knowledge Systems and Practices (IKSP) in the Philippines, aligning closely with the goal of improving knowledge platforms, education, and information accessibility for biodiversity.""}",1791562265.691413
P00035,PBSAP-12,W2922249169,2.0,"{""grade"": 2, ""reason"": ""The paper discusses urban design and proposes green urbanism solutions in Manila, which is relevant to increasing access to green and blue spaces, but its primary focus is on lighting and acoustics rather than directly on green/blue space expansion or management.""}",1791562266.814547
P00036,PBSAP-08,W4389192956,2.0,"{""grade"": 2, ""reason"": ""The paper discusses climate change adaptation and disaster risk reduction in the Asia-Pacific, including the Philippines, and highlights nature-based and governance solutions, but it is not focused specifically on Philippine protected areas or indigenous practices.""}",1791562267.9429
P00037,PBSAP-20,S2_990a41e1730e061b73c74bc9403d47118f99ac85,3.0,"{""grade"": 3, ""reason"": ""The paper directly assesses capacity building and recommends actions such as partnerships, collaboration, and training for stakeholders in the Philippines, aligning closely with the goal of strengthening capacity building and development.""}",1791562269.084703
P00038,PBSAP-13,W4406748347,3.0,"{""grade"": 3, ""reason"": ""The paper directly addresses the economic valuation and equitable management of genetic resources in a Philippine protected area, with recommendations for benefit-sharing schemes involving local and indigenous communities, aligning closely with the goal.""}",1791562270.094275
P00039,PBSAP-13,W4400131744,2.0,"{""grade"": 2, ""reason"": ""The paper discusses equitable approaches to international wildlife trade, which is indirectly relevant to benefit-sharing from genetic resources, but does not directly address ABS or Philippine-specific contexts.""}",1791562271.120281
P00040,PBSAP-11,S2_72af8f91f72219fb6ee1a04da907fab2b4993018,2.0,"{""grade"": 2, ""reason"": ""The paper discusses air quality and environmental impacts relevant to resilience and hazards in Southeast Asia, including the Philippines, but does not directly address ecosystem or protected area management, PDNA, or resource valuation as specified in the goal.""}",1791562272.2190158
P00041,PBSAP-08,S2_63859ccddaac7e2b835e6ec440b0dfbac2a00829,3.0,"{""grade"": 3, ""reason"": ""This paper is directly about using mangrove conservation as a nature-based solution to enhance climate resiliency in the Philippines, aligning closely with the goal of minimizing climate change impacts through ecosystem-based approaches.""}",1791562273.1759481
P00042,PBSAP-15,W4289263581,3.0,"{""grade"": 3, ""reason"": ""The paper directly reviews Philippine socioecological production landscapes, discusses sustainable management, governance, and strategic actions relevant to integrating biodiversity into production systems, which aligns closely with the goal of sustainable production and supply chains with biodiversity considerations.""}",1791562274.2515981
P00043,PBSAP-02,W4399385125,3.0,"{""grade"": 3, ""reason"": ""This paper directly studies mangrove restoration projects in the Philippines, focusing on factors critical to successful ecosystem rehabilitation, making it highly relevant to the goal of restoring degraded ecosystems.""}",1791562275.566208
P00044,PBSAP-06,W3014575520,2.0,"{""grade"": 2, ""reason"": ""The paper discusses the impact of invasive alien species on native aquatic species in the Philippines and relevant legal frameworks, but focuses mainly on reviving native species rather than directly addressing the reduction or management of invasive alien species.""}",1791562276.5633879
P00047,PBSAP-10,W2562713321,3.0,"{""grade"": 3, ""reason"": ""The paper directly addresses sustainable management of agriculture and forestry in the Philippines, focusing on biodiversity-friendly agroforestry systems in upland areas, which aligns closely with the goal.""}",1791562277.5168672
P00048,PBSAP-09,W7167346898,3.0,"{""grade"": 3, ""reason"": ""The paper directly addresses sustainable fisheries management, law enforcement, compliance with fisheries laws, and community engagement in the Philippines, all of which are central to the goal.""}",1791562278.4919271
P00049,PBSAP-03,W4393091680,3.0,"{""grade"": 3, ""reason"": ""The paper directly discusses the ecology, biodiversity, and management challenges of major Philippine inland water bodies, providing relevant insights for effective conservation and management of protected areas as targeted by the goal.""}",1791562279.822784
P00051,PBSAP-18,W4412040795,2.0,"{""grade"": 2, ""reason"": ""The paper reviews policy frameworks and governance of a major Philippine reforestation program, touching on incentives and regulatory reforms, but does not directly address the elimination or repurposing of harmful subsidies or biodiversity-relevant taxes.""}",1791562280.953461
P00053,PBSAP-10,S2_73f716bcd75ca1277643bfbc32c4c5b073ba7e31,3.0,"{""grade"": 3, ""reason"": ""The paper is directly about climate-smart agriculture initiatives in the Philippines, aligning closely with the goal of promoting sustainable, biodiversity-friendly agricultural practices and resilience in Philippine agriculture.""}",1791562281.977456
P00059,PBSAP-22,W4401485438,3.0,"{""grade"": 3, ""reason"": ""This paper directly examines community participation in biodiversity management decision-making in the Philippines, specifically addressing the need for more inclusive strategies, which is central to the goal.""}",1791562283.2922492
P00063,PBSAP-14,W3148798085,1.0,"{""grade"": 1, ""reason"": ""The paper is about mainstreaming gender in REDD+ policies, not biodiversity, and does not focus on the Philippines, so it would not really help someone working on mainstreaming biodiversity in Philippine policies.""}",1791562284.403
P00065,PBSAP-03,W4412183575,3.0,"{""grade"": 3, ""reason"": ""This paper directly addresses the identification and prioritization of terrestrial Key Biodiversity Areas in the Philippines using geospatial analysis, providing actionable insights for expanding and managing protected and conserved areas to meet national and global conservation targets.""}",1791562285.644232
P00071,PBSAP-18,S2_53ff6bdd80a4c6f886e3747aef1a322d729f3e1a,2.0,"{""grade"": 2, ""reason"": ""The paper discusses the evaluation of incentives within the National Greening Program and suggests revisions to incentives for reforestation, which is relevant to the goal of repurposing harmful incentives, but it does not directly address the elimination or redirection of subsidies with negative environmental impacts.""}",1791562286.9412448
P00077,PBSAP-07,W4407507071,3.0,"{""grade"": 3, ""reason"": ""The paper directly assesses pollution (including solid waste and water quality) in a Philippine river, provides baseline data, and discusses remediation efforts, which are highly relevant to monitoring and reducing pollution as outlined in the goal.""}",1791562288.0152042
P00078,PBSAP-07,W2352073799,2.0,"{""grade"": 2, ""reason"": ""The paper is relevant as it analyzes pesticide use impacts and farmer knowledge in Hainan, China, offering insights and suggestions that could inform similar pollution reduction strategies in the Philippines, but it is not directly about the Philippines.""}",1791562289.081244
P00098,PBSAP-19,S2_990a41e1730e061b73c74bc9403d47118f99ac85,3.0,"{""grade"": 3, ""reason"": ""The paper directly discusses resource mobilization, funding challenges, and recommendations for improving financial support for biodiversity-related programs in the Philippines, which aligns closely with the goal.""}",1791562290.2835069
P00099,PBSAP-19,W2277658191,3.0,"{""grade"": 3, ""reason"": ""The paper directly addresses the potential for payment for ecosystem services (PES) to generate funding for biodiversity management in a Philippine protected area, providing empirical evidence and recommendations relevant to resource mobilization for PBSAP implementation.""}",1791562291.2418618
P00112,PBSAP-23,W3148798085,2.0,"{""grade"": 2, ""reason"": ""The paper is directly about gender mainstreaming in biodiversity-related policies (REDD+), but it is not specific to the Philippines, though its findings and recommendations could inform Philippine efforts.""}",1791562292.426625
P00145,PBSAP-23,W7203762891,3.0,"{""grade"": 3, ""reason"": ""The paper directly assesses gender responsiveness and participation in biodiversity management in the Philippines, providing insights and recommendations highly relevant to achieving the PBSAP gender equality goal.""}",1791562293.397861
