judge,scope,n,exact,kappa_q,ac1,kappa_rel3,pabak_rel3,mean_diff,judge_mean_ph,judge_mean_nonph,expert_mean_ph,expert_mean_nonph,judge_grade3_rate_nonph,expert_grade3_rate_nonph
A1_repeat,shared60,60,0.8666666666666667,0.5985401459854014,0.8476754641138203,0.6846846846846847,0.7666666666666666,0.11666666666666667,3.0,2.0,2.8541666666666665,2.0,0.0,0.08333333333333333
A2,shared60,60,0.7666666666666667,0.4858870967741935,0.7257739811741662,0.5402298850574713,0.6000000000000001,-0.05,2.7916666666666665,2.0,2.8541666666666665,2.0,0.08333333333333333,0.08333333333333333
A3,shared60,60,0.7833333333333333,0.39170506912442404,0.7436459246275197,0.5550061804697157,0.6000000000000001,-0.1,2.7291666666666665,2.0,2.8541666666666665,2.0,0.0,0.08333333333333333
A4,shared60,60,0.45,0.23397169025811815,0.3134932100548975,0.2538860103626942,0.19999999999999996,-0.7333333333333333,2.1666666666666665,1.0833333333333333,2.8541666666666665,2.0,0.0,0.08333333333333333
llm_gpt,all,460,0.7347826086956522,0.5205351586807716,0.6813985460828162,0.5151808160897312,0.5260869565217392,-0.12608695652173912,2.654494382022472,1.9903846153846154,2.789325842696629,2.0865384615384617,0.028846153846153848,0.10576923076923077
llm_gpt,shared60,60,0.75,0.6052631578947368,0.7010132329328387,0.5537757437070938,0.5666666666666667,-0.18333333333333332,2.6458333333333335,1.9166666666666667,2.8541666666666665,2.0,0.0,0.08333333333333333
llm_claude,all,460,0.5347826086956522,0.26540783377790256,0.4177266852595062,0.36370044052863437,0.31739130434782603,-0.558695652173913,2.205056179775281,1.6153846153846154,2.789325842696629,2.0865384615384617,0.009615384615384616,0.10576923076923077
llm_claude,shared60,60,0.5,0.26146960089518845,0.3727494482518295,0.33009708737864085,0.2333333333333334,-0.7,2.125,1.4166666666666667,2.8541666666666665,2.0,0.0,0.08333333333333333
llm_haiku,all,460,0.5391304347826087,0.2694292163818124,0.4265986043234418,0.347488986784141,0.30000000000000004,-0.49130434782608695,2.2724719101123596,1.6826923076923077,2.789325842696629,2.0865384615384617,0.019230769230769232,0.10576923076923077
llm_haiku,shared60,60,0.5666666666666667,0.38212094653812445,0.4627174100223867,0.4171779141104295,0.3666666666666667,-0.55,2.3125,1.4166666666666667,2.8541666666666665,2.0,0.0,0.08333333333333333
panel,all,460,0.5782608695652174,0.29672019132217275,0.4774160868474655,0.39376008606777835,0.3608695652173912,-0.4391304347826087,2.3258426966292136,1.7307692307692308,2.789325842696629,2.0865384615384617,0.009615384615384616,0.10576923076923077
panel,shared60,60,0.5666666666666667,0.3863319386331939,0.46321041463554513,0.4171779141104295,0.3666666666666667,-0.5333333333333333,2.3125,1.5,2.8541666666666665,2.0,0.0,0.08333333333333333
llm_claude_nocontext,all,460,0.3869565217391304,0.12023460410557185,0.2289494644491732,0.09273356401384081,0.008695652173912993,-0.6304347826086957,2.0112359550561796,1.9615384615384615,2.789325842696629,2.0865384615384617,0.27884615384615385,0.10576923076923077
llm_claude_nocontext,shared60,60,0.35,0.14183551847437437,0.1884393063583815,-0.002949852507374784,-0.1333333333333333,-0.6333333333333333,2.0833333333333335,1.9166666666666667,2.8541666666666665,2.0,0.4166666666666667,0.08333333333333333
