source_a,source_b,n,exact,kappa_quadratic,kappa_binary,mean_diff,kappa_q_lo,kappa_q_hi
A1,A1_repeat,60,0.8666666666666667,0.5985401459854014,0.0,0.11666666666666667,0.3403425084979817,0.8339514009078144
A1,A2,60,0.7666666666666667,0.4858870967741935,-0.022727272727272707,-0.05,0.24510627453941403,0.6955813054752169
A1,A3,60,0.7833333333333333,0.39170506912442404,-0.034482758620689724,-0.1,0.14634146341463417,0.6754439281098048
A1,A4,60,0.45,0.23397169025811815,0.1385135135135136,-0.7333333333333333,0.07226252339477839,0.43051153846153833
A1,llm_claude,460,0.5347826086956522,0.26540783377790256,0.09697986577181206,-0.558695652173913,0.20460345938217603,0.33317238649008585
A1,llm_claude_nocontext,460,0.3869565217391304,0.12023460410557185,0.0881057268722466,-0.6304347826086957,0.05638165049720605,0.19118985518627005
A1,llm_gpt,460,0.7347826086956522,0.5205351586807716,0.3017857142857143,-0.12608695652173912,0.4440822612143147,0.5972385734982805
A1,llm_haiku,460,0.5391304347826087,0.2694292163818124,0.07350498338870426,-0.49130434782608695,0.20455808900187053,0.3406876865575912
A1,panel,460,0.5782608695652174,0.29672019132217275,0.08288530465949817,-0.4391304347826087,0.23100221908428575,0.3713597480332518
A1_repeat,A2,60,0.8,0.5588235294117647,0.0,-0.16666666666666666,0.3365163265306123,0.7480252100840336
A1_repeat,A3,60,0.8166666666666667,0.4516129032258065,0.0,-0.21666666666666667,0.22902549853717602,0.7368749179682373
A1_repeat,A4,60,0.5,0.16801292407108237,0.0,-0.85,0.06719432998420252,0.29453149818220314
A1_repeat,llm_claude,60,0.43333333333333335,0.14686825053995678,0.0,-0.8166666666666667,0.05462082493816232,0.25621158578131137
A1_repeat,llm_claude_nocontext,60,0.31666666666666665,0.037122969837586894,0.0,-0.75,-0.11536027170849625,0.16798927647293002
A1_repeat,llm_gpt,60,0.7166666666666667,0.4117647058823529,0.0,-0.3,0.22307549765161183,0.6029755607278883
A1_repeat,llm_haiku,60,0.5,0.2227979274611399,0.0,-0.6666666666666666,0.09893602829504576,0.36661328237574387
A1_repeat,panel,60,0.5,0.2148760330578512,0.0,-0.65,0.09546114191647892,0.3613612105770554
A2,A3,60,0.6833333333333333,0.27884615384615374,-0.022727272727272707,-0.05,0.03129679544773888,0.5271456657326221
A2,A4,60,0.45,0.17247386759581895,-0.03270223752151469,-0.6833333333333333,0.03430912475565064,0.31735119941201656
A2,llm_claude,60,0.45,0.10996835443037978,-0.032786885245901454,-0.65,-0.025200648729571104,0.26391817269076295
A2,llm_claude_nocontext,60,0.4,0.05303030303030287,-0.03238866396761142,-0.5833333333333334,-0.13093837685595677,0.22190516615948894
A2,llm_gpt,60,0.6833333333333333,0.38888888888888884,-0.022727272727272707,-0.13333333333333333,0.1617972441417025,0.5926776679686476
A2,llm_haiku,60,0.5333333333333333,0.19294990723562144,-0.032258064516129004,-0.5,0.040865599570776956,0.3692578710644678
A2,panel,60,0.5333333333333333,0.18639053254437865,-0.032258064516129004,-0.48333333333333334,0.030365852101526914,0.36928927680798
A3,A4,60,0.4166666666666667,0.10132158590308371,-0.06418918918918903,-0.6333333333333333,-0.0553815795904406,0.2506024600841118
A3,llm_claude,60,0.4,0.1342685370741482,0.03225806451612889,-0.6,-0.04969925598443898,0.30311043168238244
A3,llm_claude_nocontext,60,0.36666666666666664,0.0573248407643312,0.055118110236220486,-0.5333333333333333,-0.14076080888100112,0.22331075328121336
A3,llm_gpt,60,0.6166666666666667,0.23684210526315785,-0.034482758620689724,-0.08333333333333333,-0.006977798238286977,0.4706247716477895
A3,llm_haiku,60,0.43333333333333335,0.23255813953488358,0.0625,-0.45,0.03346471254536637,0.40694580953440634
A3,panel,60,0.43333333333333335,0.22962962962962963,0.0625,-0.43333333333333335,0.02125884077971363,0.4173771677798368
A4,llm_claude,60,0.43333333333333335,0.47322212467076386,0.430379746835443,0.03333333333333333,0.24528151664463402,0.6601686887067395
A4,llm_claude_nocontext,60,0.4,0.45756780402449704,0.39678284182305634,0.1,0.20708928712738173,0.6348023067304642
A4,llm_gpt,60,0.5333333333333333,0.34259259259259256,0.1385135135135136,0.55,0.1676294075957268,0.5196452669623218
A4,llm_haiku,60,0.4166666666666667,0.41124780316344467,0.26530612244897955,0.18333333333333332,0.17884229869695967,0.5939258071649712
A4,panel,60,0.43333333333333335,0.40486925157799825,0.26530612244897955,0.2,0.1878046880663347,0.5849059087928916
llm_claude,llm_claude_nocontext,460,0.6521739130434783,0.7662517289073305,0.7368052312003737,-0.07173913043478261,0.7266514801718852,0.8010088003282703
llm_claude,llm_gpt,460,0.5978260869565217,0.5980770096149519,0.16570486397361917,0.4326086956521739,0.555394080169653,0.6414225308276079
llm_claude,llm_haiku,460,0.8108695652173913,0.8665270347790126,0.7532251884020947,0.06739130434782609,0.8343985073483996,0.8937186355868155
llm_claude,panel,460,0.8760869565217392,0.912087764709038,0.7958491058608537,0.11956521739130435,0.8871285867476526,0.9336256323161298
llm_claude_nocontext,llm_gpt,460,0.43043478260869567,0.4037854889589906,0.1515809051456911,0.5043478260869565,0.34643676346091085,0.45902449345609114
llm_claude_nocontext,llm_haiku,460,0.6543478260869565,0.7360703812316716,0.6748834441027676,0.1391304347826087,0.6882386163270818,0.7789675798163638
llm_claude_nocontext,panel,460,0.6195652173913043,0.7126099706744868,0.6569420568308222,0.19130434782608696,0.6648742438032613,0.7545578460426574
llm_gpt,llm_haiku,460,0.6391304347826087,0.6255740626499418,0.2189205579138872,-0.3652173913043478,0.5809534619148665,0.6680266865315441
llm_gpt,panel,460,0.6956521739130435,0.6854531058806593,0.24049532913317395,-0.3130434782608696,0.6457434364503569,0.7242143239657529
llm_haiku,panel,460,0.9347826086956522,0.9496232696688277,0.9469603067077916,0.05217391304347826,0.9297377244006786,0.9668368714744564
