gold_source,year,reference
2021.06.30.450467v1.full,2009,"Babaran, R., Endo, C., Mitsunaga, Y., & Anraku, K. (2009). Telemetry Study on Juvenile Yellowfin Tuna Thunnus Albacares around a Payao in the Philippines. Journal of Fisheries Engineering , 46(1), 21-28. .CC-BY-NC-ND 4.0 International licenseavailable under a Babaran, R. P., & Ishizaki, M. (2010). Profile of Payao (Floating Artificial Reef or Fish Attracting Device) Fisheries of the Philippines. I"
2021.06.30.450467v1.full,2014,"Baeck, G. W., Quinitio, G. F., Vergara, C. J., Kim, H. J., & Jeong, J. M. (2014). Diet Composition of Bullet Mackerel, Auxis rochei (Risso, 1810) in the Coastal Waters of Iloilo, Philippines. Korean Journal of Ichthyology, 26(4), 349-354."
2021.06.30.450467v1.full,2016,"Baleta, A. N., & Baleta, F. N. (2016). Species Composition of Marine Food Fishes at Palanan, Isabela as Influence by Seasonal Variation. International Journal of Fisheries and Aquatic Studies , 4(3), 414-420."
2021.06.30.450467v1.full,2014,"Bigelow, K. A., Garvilles, E., & Barut, N. (2014). Relative Abundance of Skipjack and Yellowfin Tuna in the Moro Gulf (Philippine Region 12). WCPFC SC10/i1 SA/i1 WP/i1 09, Majuro, Republic of the Marshall Islands, 6–14 August."
2021.06.30.450467v1.full,2019,"Licuanan, W.Y., Cabreira, R.W., & Aliño, P.M. (2019). The Philippines. World Seas: An Environmental Evaluation. 2nd Edition. Academic Press. Vol. 2, 515-537"
2021.06.30.450467v1.full,2015,"Pedrosa-Gerasmio, I. R., Agmata, A. B., & Santos, M. D. (2015). Genetic Diversity, Population Genetic Structure, and Demographic History of Auxis thazard (Perciformes), Selar Crumenophthalmus (Perciformes), Rastrelliger Kanagurta (Perciformes) and Sardinella Lemuru (Clupeiformes) in Sulu-Celebes Sea inferred by Mitochondrial DNA Sequences. Fisheries Research, 162, 64-74. .CC-BY-NC-ND 4.0 Internati"
2021.06.30.450467v1.full,2010,"Santos, M. D., Lopez, G. V., & Barut, N. C. (2010). A Pilot Study on the Genetic Variation of Eastern Little Tuna ( Euthynnus affinis) in Southeast Asia. Philippine Journal of Science , 139(1), 43-50."
peerj-preprints-3191,2014,"Balbas, M., Jose, E., Mildenstein, T., Weerd M.V., 2014. Filipinos for flying foxes: engaging local stakeholders in Flying fox conservation in northeast Luzon. In Proceedings of the 23rd Philippine Biodiversity Symposium of the Wildlife Conservation Society of the Philippines, San Carlos University, Cebu City, April 1–7,2014."
peerj-preprints-3191,2010,"Balete, D.S., 2010. Food and roosting habits of the lesser false vampire bat, Megaderma spasma (Chiroptera: Megadermatidae), in a Philippine lowland forest.  Asia Life Sciences 4, 111-129."
peerj-preprints-3191,2016,"Hatta, Y., Omatsu, T., Tsuchiaka, S., Katayama, Y., Taniguchi, S., Masangkay, J.S., Yoshikawa, Y., 2016. Detection of Campylobacter jejuni in rectal swab samples from Rousettus amplexicaudatus in the Philippines. Journal of Veterinary Medical Science 78, 1347-1350."
peerj-preprints-3191,2006,"Heaney, L.R., Tabaranza Jr. B.R., Balete, D.S., Rigertas N., 2006. Synopsis and biogeography of the mammals of Camiguin Island, Philippines. Fieldiana Zoology 106, 28-48."
peerj-preprints-3191,2011,"Ingle, N.R., Gomez, R.K., Mendoza, M., Pag untalan, L., Sambale, E., Sedlock, J., Waldein, D., 2011. Status of the Philippine Cave Bats. Proceedings of the Second International Southeast Asian Bat Conference, Bogor, West Java, Indonesia, June 6–9, 2011."
peerj-preprints-3191,2017,"Jumao-as, C., Cabasan, M.T.N., Manceras, L.J., Tabora, J.A.G., Tangonan, N.G., Tanalgo, K.C., 2017. Presence of important agr o-economic fungi in common frugivorous bats from southcentral Mindanao, Philippines. Current Research in Environmental and Applied Mycology 7, 73-81."
peerj-preprints-3191,2014,"Mildenstein, T.L., Brown, A.V., Jenkins, L., McCracken, G.F., Mills, L.S., 2014. One animal’s trash is another animal’s treasur e: fecal samples as the non -invasive key to fruit bat conservation genetics. Proceedings of the 23rd Philippine Biodiversity Symposium of the Wildlife Conservation Society of the Philippines, San Carlos University, Cebu City, April 1–7,2014. Mildenstein, T .L., S. Stier,"
peerj-preprints-3191,2005,"Mildenstein, T.L., Stier, S.C., Nuevo -Diego, C.E., Mills, L.S., 2005. Habitat selection of endangered and endemic large flying foxes in Subic Bay, Philippines. Biological Conservation 126, 93-102."
peerj-preprints-3191,2011,"Sedlock, J.L., 2011. Inventory of insectivor ous bats on Mount Makiling, Philippines using echolocation call signatures and a new tunnel trap. Acta Chiropterologica 3, 163-178."
peerj-preprints-3191,2005,"Stier, M.L., Mildenstein, T.L., 2005. Dietary habits of the world's largest bats: the Philippine flying foxes, Acerodon jubatus and Pteropus vampyrus lanensis. Journal of Mammalogy 86, 719-728."
peerj-preprints-3191,2016,"Tanalgo, K.C., Teves, R.D., Salvaña, F.R.P., Baleva, R.E., Tabora, J.A.G., 2016. Human -Bat Interactions in Caves of South Central Mindanao, Philippines. Wildlife Biology in Practice 12, 1-14."
peerj-preprints-3191,2017,"Taniguchi, S., Maeda, K., Horimoto, T., Masangkay, J.S., Puentespina, R., Alvarez, J., Singh, H., 2017. First isolation and characterization of pteropine orthoreoviruses in fruit bats in the Philippines. Archives of Virology 162, 1529-1539."
peerj-preprints-3191,2018,"PeerJ Preprints | https://doi.org/10.7287/peerj.preprints.3191v3 | CC BY 4.0 Open Access | rec: 16 Mar 2018, publ: 16 Mar 28 This pre-print is currently in-review in Mammalian Biology Tu, V.T., Csorba, G., Görföl, T., Arai, S., Son, N.T., Thanh, H.T., Hasanin, A., 2 015. Description of a new species of the genus Aselliscus (Chiroptera, Hipposideridae) from Vietnam. Acta Chiropterologica 17,233-254"
