topic_id,author_group,n,retriever
PBSAP-01,foreign_led_collab,164,bge
PBSAP-01,foreign_only,109,bge
PBSAP-01,local_led_collab,103,bge
PBSAP-01,local_only,316,bge
PBSAP-01,ph_journal_unknown_role,2,bge
PBSAP-01,unknown,306,bge
PBSAP-02,foreign_led_collab,110,bge
PBSAP-02,foreign_only,104,bge
PBSAP-02,local_led_collab,104,bge
PBSAP-02,local_only,363,bge
PBSAP-02,ph_journal_unknown_role,1,bge
PBSAP-02,unknown,318,bge
PBSAP-03,foreign_led_collab,163,bge
PBSAP-03,foreign_only,109,bge
PBSAP-03,local_led_collab,101,bge
PBSAP-03,local_only,305,bge
PBSAP-03,ph_journal_unknown_role,2,bge
PBSAP-03,unknown,320,bge
PBSAP-04,foreign_led_collab,256,bge
PBSAP-04,foreign_only,108,bge
PBSAP-04,local_led_collab,114,bge
PBSAP-04,local_only,266,bge
PBSAP-04,ph_journal_unknown_role,2,bge
PBSAP-04,unknown,254,bge
PBSAP-05,foreign_led_collab,127,bge
PBSAP-05,foreign_only,100,bge
PBSAP-05,local_led_collab,93,bge
PBSAP-05,local_only,330,bge
PBSAP-05,unknown,350,bge
PBSAP-06,foreign_led_collab,114,bge
PBSAP-06,foreign_only,90,bge
PBSAP-06,local_led_collab,96,bge
PBSAP-06,local_only,355,bge
PBSAP-06,unknown,345,bge
PBSAP-07,foreign_led_collab,241,bge
PBSAP-07,foreign_only,74,bge
PBSAP-07,local_led_collab,132,bge
PBSAP-07,local_only,281,bge
PBSAP-07,ph_journal_unknown_role,7,bge
PBSAP-07,unknown,265,bge
PBSAP-08,foreign_led_collab,253,bge
PBSAP-08,foreign_only,126,bge
PBSAP-08,local_led_collab,96,bge
PBSAP-08,local_only,264,bge
PBSAP-08,ph_journal_unknown_role,1,bge
PBSAP-08,unknown,260,bge
PBSAP-09,foreign_led_collab,144,bge
PBSAP-09,foreign_only,103,bge
PBSAP-09,local_led_collab,91,bge
PBSAP-09,local_only,331,bge
PBSAP-09,ph_journal_unknown_role,1,bge
PBSAP-09,unknown,330,bge
PBSAP-10,foreign_led_collab,122,bge
PBSAP-10,foreign_only,95,bge
PBSAP-10,local_led_collab,75,bge
PBSAP-10,local_only,340,bge
PBSAP-10,ph_journal_unknown_role,1,bge
PBSAP-10,unknown,367,bge
PBSAP-11,foreign_led_collab,131,bge
PBSAP-11,foreign_only,115,bge
PBSAP-11,local_led_collab,101,bge
PBSAP-11,local_only,322,bge
PBSAP-11,ph_journal_unknown_role,1,bge
PBSAP-11,unknown,330,bge
PBSAP-12,foreign_led_collab,137,bge
PBSAP-12,foreign_only,104,bge
PBSAP-12,local_led_collab,74,bge
PBSAP-12,local_only,330,bge
PBSAP-12,ph_journal_unknown_role,2,bge
PBSAP-12,unknown,298,bge
PBSAP-13,foreign_led_collab,128,bge
PBSAP-13,foreign_only,106,bge
PBSAP-13,local_led_collab,79,bge
PBSAP-13,local_only,334,bge
PBSAP-13,unknown,353,bge
PBSAP-14,foreign_led_collab,147,bge
PBSAP-14,foreign_only,105,bge
PBSAP-14,local_led_collab,97,bge
PBSAP-14,local_only,300,bge
PBSAP-14,unknown,351,bge
PBSAP-15,foreign_led_collab,188,bge
PBSAP-15,foreign_only,117,bge
PBSAP-15,local_led_collab,100,bge
PBSAP-15,local_only,274,bge
PBSAP-15,ph_journal_unknown_role,1,bge
PBSAP-15,unknown,320,bge
PBSAP-16,foreign_led_collab,154,bge
PBSAP-16,foreign_only,103,bge
PBSAP-16,local_led_collab,63,bge
PBSAP-16,local_only,318,bge
PBSAP-16,ph_journal_unknown_role,1,bge
PBSAP-16,unknown,361,bge
PBSAP-17,foreign_led_collab,94,bge
PBSAP-17,foreign_only,61,bge
PBSAP-17,local_led_collab,97,bge
PBSAP-17,local_only,395,bge
PBSAP-17,ph_journal_unknown_role,1,bge
PBSAP-17,unknown,352,bge
PBSAP-18,foreign_led_collab,177,bge
PBSAP-18,foreign_only,123,bge
PBSAP-18,local_led_collab,98,bge
PBSAP-18,local_only,274,bge
PBSAP-18,unknown,328,bge
PBSAP-19,foreign_led_collab,143,bge
PBSAP-19,foreign_only,124,bge
PBSAP-19,local_led_collab,84,bge
PBSAP-19,local_only,270,bge
PBSAP-19,ph_journal_unknown_role,2,bge
PBSAP-19,unknown,377,bge
PBSAP-20,foreign_led_collab,203,bge
PBSAP-20,foreign_only,130,bge
PBSAP-20,local_led_collab,82,bge
PBSAP-20,local_only,253,bge
PBSAP-20,ph_journal_unknown_role,2,bge
PBSAP-20,unknown,330,bge
PBSAP-21,foreign_led_collab,236,bge
PBSAP-21,foreign_only,116,bge
PBSAP-21,local_led_collab,97,bge
PBSAP-21,local_only,278,bge
PBSAP-21,ph_journal_unknown_role,2,bge
PBSAP-21,unknown,271,bge
PBSAP-22,foreign_led_collab,187,bge
PBSAP-22,foreign_only,124,bge
PBSAP-22,local_led_collab,85,bge
PBSAP-22,local_only,281,bge
PBSAP-22,ph_journal_unknown_role,1,bge
PBSAP-22,unknown,282,bge
PBSAP-23,foreign_led_collab,121,bge
PBSAP-23,foreign_only,82,bge
PBSAP-23,local_led_collab,58,bge
PBSAP-23,local_only,222,bge
PBSAP-23,unknown,193,bge
PBSAP-01,foreign_led_collab,205,bm25
PBSAP-01,foreign_only,107,bm25
PBSAP-01,local_led_collab,106,bm25
PBSAP-01,local_only,295,bm25
PBSAP-01,ph_journal_unknown_role,3,bm25
PBSAP-01,unknown,284,bm25
PBSAP-02,foreign_led_collab,208,bm25
PBSAP-02,foreign_only,91,bm25
PBSAP-02,local_led_collab,102,bm25
PBSAP-02,local_only,328,bm25
PBSAP-02,ph_journal_unknown_role,4,bm25
PBSAP-02,unknown,267,bm25
PBSAP-03,foreign_led_collab,201,bm25
PBSAP-03,foreign_only,92,bm25
PBSAP-03,local_led_collab,102,bm25
PBSAP-03,local_only,323,bm25
PBSAP-03,ph_journal_unknown_role,3,bm25
PBSAP-03,unknown,279,bm25
PBSAP-04,foreign_led_collab,205,bm25
PBSAP-04,foreign_only,115,bm25
PBSAP-04,local_led_collab,134,bm25
PBSAP-04,local_only,305,bm25
PBSAP-04,ph_journal_unknown_role,6,bm25
PBSAP-04,unknown,235,bm25
PBSAP-05,foreign_led_collab,165,bm25
PBSAP-05,foreign_only,109,bm25
PBSAP-05,local_led_collab,99,bm25
PBSAP-05,local_only,314,bm25
PBSAP-05,unknown,313,bm25
PBSAP-06,foreign_led_collab,177,bm25
PBSAP-06,foreign_only,84,bm25
PBSAP-06,local_led_collab,102,bm25
PBSAP-06,local_only,356,bm25
PBSAP-06,ph_journal_unknown_role,2,bm25
PBSAP-06,unknown,279,bm25
PBSAP-07,foreign_led_collab,216,bm25
PBSAP-07,foreign_only,62,bm25
PBSAP-07,local_led_collab,133,bm25
PBSAP-07,local_only,327,bm25
PBSAP-07,ph_journal_unknown_role,6,bm25
PBSAP-07,unknown,256,bm25
PBSAP-08,foreign_led_collab,188,bm25
PBSAP-08,foreign_only,100,bm25
PBSAP-08,local_led_collab,95,bm25
PBSAP-08,local_only,321,bm25
PBSAP-08,ph_journal_unknown_role,2,bm25
PBSAP-08,unknown,294,bm25
PBSAP-09,foreign_led_collab,184,bm25
PBSAP-09,foreign_only,95,bm25
PBSAP-09,local_led_collab,99,bm25
PBSAP-09,local_only,321,bm25
PBSAP-09,unknown,301,bm25
PBSAP-10,foreign_led_collab,216,bm25
PBSAP-10,foreign_only,62,bm25
PBSAP-10,local_led_collab,116,bm25
PBSAP-10,local_only,334,bm25
PBSAP-10,ph_journal_unknown_role,2,bm25
PBSAP-10,unknown,270,bm25
PBSAP-11,foreign_led_collab,180,bm25
PBSAP-11,foreign_only,86,bm25
PBSAP-11,local_led_collab,100,bm25
PBSAP-11,local_only,351,bm25
PBSAP-11,ph_journal_unknown_role,1,bm25
PBSAP-11,unknown,282,bm25
PBSAP-12,foreign_led_collab,129,bm25
PBSAP-12,foreign_only,79,bm25
PBSAP-12,local_led_collab,56,bm25
PBSAP-12,local_only,194,bm25
PBSAP-12,ph_journal_unknown_role,3,bm25
PBSAP-12,unknown,208,bm25
PBSAP-13,foreign_led_collab,159,bm25
PBSAP-13,foreign_only,118,bm25
PBSAP-13,local_led_collab,93,bm25
PBSAP-13,local_only,317,bm25
PBSAP-13,ph_journal_unknown_role,3,bm25
PBSAP-13,unknown,310,bm25
PBSAP-14,foreign_led_collab,201,bm25
PBSAP-14,foreign_only,106,bm25
PBSAP-14,local_led_collab,88,bm25
PBSAP-14,local_only,303,bm25
PBSAP-14,ph_journal_unknown_role,3,bm25
PBSAP-14,unknown,299,bm25
PBSAP-15,foreign_led_collab,179,bm25
PBSAP-15,foreign_only,109,bm25
PBSAP-15,local_led_collab,101,bm25
PBSAP-15,local_only,320,bm25
PBSAP-15,ph_journal_unknown_role,3,bm25
PBSAP-15,unknown,288,bm25
PBSAP-16,foreign_led_collab,180,bm25
PBSAP-16,foreign_only,83,bm25
PBSAP-16,local_led_collab,96,bm25
PBSAP-16,local_only,331,bm25
PBSAP-16,unknown,310,bm25
PBSAP-17,foreign_led_collab,146,bm25
PBSAP-17,foreign_only,77,bm25
PBSAP-17,local_led_collab,104,bm25
PBSAP-17,local_only,282,bm25
PBSAP-17,ph_journal_unknown_role,2,bm25
PBSAP-17,unknown,272,bm25
PBSAP-18,foreign_led_collab,221,bm25
PBSAP-18,foreign_only,97,bm25
PBSAP-18,local_led_collab,100,bm25
PBSAP-18,local_only,327,bm25
PBSAP-18,ph_journal_unknown_role,3,bm25
PBSAP-18,unknown,252,bm25
PBSAP-19,foreign_led_collab,190,bm25
PBSAP-19,foreign_only,96,bm25
PBSAP-19,local_led_collab,99,bm25
PBSAP-19,local_only,294,bm25
PBSAP-19,ph_journal_unknown_role,6,bm25
PBSAP-19,unknown,315,bm25
PBSAP-20,foreign_led_collab,183,bm25
PBSAP-20,foreign_only,93,bm25
PBSAP-20,local_led_collab,83,bm25
PBSAP-20,local_only,337,bm25
PBSAP-20,ph_journal_unknown_role,4,bm25
PBSAP-20,unknown,300,bm25
PBSAP-21,foreign_led_collab,194,bm25
PBSAP-21,foreign_only,91,bm25
PBSAP-21,local_led_collab,87,bm25
PBSAP-21,local_only,333,bm25
PBSAP-21,ph_journal_unknown_role,4,bm25
PBSAP-21,unknown,291,bm25
PBSAP-22,foreign_led_collab,127,bm25
PBSAP-22,foreign_only,78,bm25
PBSAP-22,local_led_collab,61,bm25
PBSAP-22,local_only,204,bm25
PBSAP-22,ph_journal_unknown_role,2,bm25
PBSAP-22,unknown,194,bm25
PBSAP-23,foreign_led_collab,52,bm25
PBSAP-23,foreign_only,35,bm25
PBSAP-23,local_led_collab,32,bm25
PBSAP-23,local_only,116,bm25
PBSAP-23,unknown,116,bm25
PBSAP-01,foreign_led_collab,182,specter2
PBSAP-01,foreign_only,119,specter2
PBSAP-01,local_led_collab,96,specter2
PBSAP-01,local_only,308,specter2
PBSAP-01,ph_journal_unknown_role,4,specter2
PBSAP-01,unknown,291,specter2
PBSAP-02,foreign_led_collab,190,specter2
PBSAP-02,foreign_only,97,specter2
PBSAP-02,local_led_collab,102,specter2
PBSAP-02,local_only,336,specter2
PBSAP-02,ph_journal_unknown_role,4,specter2
PBSAP-02,unknown,271,specter2
PBSAP-03,foreign_led_collab,204,specter2
PBSAP-03,foreign_only,114,specter2
PBSAP-03,local_led_collab,93,specter2
PBSAP-03,local_only,313,specter2
PBSAP-03,ph_journal_unknown_role,3,specter2
PBSAP-03,unknown,273,specter2
PBSAP-04,foreign_led_collab,210,specter2
PBSAP-04,foreign_only,102,specter2
PBSAP-04,local_led_collab,104,specter2
PBSAP-04,local_only,313,specter2
PBSAP-04,ph_journal_unknown_role,2,specter2
PBSAP-04,unknown,269,specter2
PBSAP-05,foreign_led_collab,174,specter2
PBSAP-05,foreign_only,97,specter2
PBSAP-05,local_led_collab,95,specter2
PBSAP-05,local_only,306,specter2
PBSAP-05,ph_journal_unknown_role,2,specter2
PBSAP-05,unknown,326,specter2
PBSAP-06,foreign_led_collab,176,specter2
PBSAP-06,foreign_only,83,specter2
PBSAP-06,local_led_collab,111,specter2
PBSAP-06,local_only,355,specter2
PBSAP-06,ph_journal_unknown_role,2,specter2
PBSAP-06,unknown,273,specter2
PBSAP-07,foreign_led_collab,150,specter2
PBSAP-07,foreign_only,44,specter2
PBSAP-07,local_led_collab,112,specter2
PBSAP-07,local_only,347,specter2
PBSAP-07,ph_journal_unknown_role,5,specter2
PBSAP-07,unknown,237,specter2
PBSAP-08,foreign_led_collab,189,specter2
PBSAP-08,foreign_only,104,specter2
PBSAP-08,local_led_collab,86,specter2
PBSAP-08,local_only,331,specter2
PBSAP-08,ph_journal_unknown_role,2,specter2
PBSAP-08,unknown,288,specter2
PBSAP-09,foreign_led_collab,150,specter2
PBSAP-09,foreign_only,79,specter2
PBSAP-09,local_led_collab,69,specter2
PBSAP-09,local_only,216,specter2
PBSAP-09,ph_journal_unknown_role,1,specter2
PBSAP-09,unknown,233,specter2
PBSAP-10,foreign_led_collab,200,specter2
PBSAP-10,foreign_only,71,specter2
PBSAP-10,local_led_collab,110,specter2
PBSAP-10,local_only,355,specter2
PBSAP-10,ph_journal_unknown_role,2,specter2
PBSAP-10,unknown,262,specter2
PBSAP-11,foreign_led_collab,168,specter2
PBSAP-11,foreign_only,105,specter2
PBSAP-11,local_led_collab,91,specter2
PBSAP-11,local_only,360,specter2
PBSAP-11,ph_journal_unknown_role,1,specter2
PBSAP-11,unknown,275,specter2
PBSAP-12,foreign_led_collab,154,specter2
PBSAP-12,foreign_only,110,specter2
PBSAP-12,local_led_collab,97,specter2
PBSAP-12,local_only,345,specter2
PBSAP-12,ph_journal_unknown_role,2,specter2
PBSAP-12,unknown,292,specter2
PBSAP-13,foreign_led_collab,193,specter2
PBSAP-13,foreign_only,125,specter2
PBSAP-13,local_led_collab,83,specter2
PBSAP-13,local_only,308,specter2
PBSAP-13,ph_journal_unknown_role,2,specter2
PBSAP-13,unknown,289,specter2
PBSAP-14,foreign_led_collab,189,specter2
PBSAP-14,foreign_only,122,specter2
PBSAP-14,local_led_collab,86,specter2
PBSAP-14,local_only,309,specter2
PBSAP-14,ph_journal_unknown_role,2,specter2
PBSAP-14,unknown,292,specter2
PBSAP-15,foreign_led_collab,168,specter2
PBSAP-15,foreign_only,103,specter2
PBSAP-15,local_led_collab,95,specter2
PBSAP-15,local_only,336,specter2
PBSAP-15,ph_journal_unknown_role,3,specter2
PBSAP-15,unknown,295,specter2
PBSAP-16,foreign_led_collab,183,specter2
PBSAP-16,foreign_only,113,specter2
PBSAP-16,local_led_collab,98,specter2
PBSAP-16,local_only,322,specter2
PBSAP-16,ph_journal_unknown_role,2,specter2
PBSAP-16,unknown,282,specter2
PBSAP-17,foreign_led_collab,196,specter2
PBSAP-17,foreign_only,83,specter2
PBSAP-17,local_led_collab,107,specter2
PBSAP-17,local_only,304,specter2
PBSAP-17,ph_journal_unknown_role,2,specter2
PBSAP-17,unknown,308,specter2
PBSAP-18,foreign_led_collab,245,specter2
PBSAP-18,foreign_only,115,specter2
PBSAP-18,local_led_collab,116,specter2
PBSAP-18,local_only,264,specter2
PBSAP-18,ph_journal_unknown_role,2,specter2
PBSAP-18,unknown,258,specter2
PBSAP-19,foreign_led_collab,193,specter2
PBSAP-19,foreign_only,130,specter2
PBSAP-19,local_led_collab,89,specter2
PBSAP-19,local_only,246,specter2
PBSAP-19,ph_journal_unknown_role,2,specter2
PBSAP-19,unknown,301,specter2
PBSAP-20,foreign_led_collab,160,specter2
PBSAP-20,foreign_only,105,specter2
PBSAP-20,local_led_collab,70,specter2
PBSAP-20,local_only,318,specter2
PBSAP-20,ph_journal_unknown_role,2,specter2
PBSAP-20,unknown,289,specter2
PBSAP-21,foreign_led_collab,193,specter2
PBSAP-21,foreign_only,102,specter2
PBSAP-21,local_led_collab,83,specter2
PBSAP-21,local_only,284,specter2
PBSAP-21,ph_journal_unknown_role,2,specter2
PBSAP-21,unknown,244,specter2
PBSAP-22,foreign_led_collab,120,specter2
PBSAP-22,foreign_only,100,specter2
PBSAP-22,local_led_collab,58,specter2
PBSAP-22,local_only,230,specter2
PBSAP-22,ph_journal_unknown_role,1,specter2
PBSAP-22,unknown,177,specter2
PBSAP-23,foreign_led_collab,165,specter2
PBSAP-23,foreign_only,122,specter2
PBSAP-23,local_led_collab,76,specter2
PBSAP-23,local_only,359,specter2
PBSAP-23,ph_journal_unknown_role,1,specter2
PBSAP-23,unknown,277,specter2
