topic_id,period,n,retriever
PBSAP-01,2005-09,68,bge
PBSAP-01,2010-14,108,bge
PBSAP-01,2015-19,211,bge
PBSAP-01,2020-25,613,bge
PBSAP-02,2005-09,85,bge
PBSAP-02,2010-14,124,bge
PBSAP-02,2015-19,222,bge
PBSAP-02,2020-25,569,bge
PBSAP-03,2005-09,77,bge
PBSAP-03,2010-14,114,bge
PBSAP-03,2015-19,212,bge
PBSAP-03,2020-25,597,bge
PBSAP-04,2005-09,91,bge
PBSAP-04,2010-14,112,bge
PBSAP-04,2015-19,204,bge
PBSAP-04,2020-25,593,bge
PBSAP-05,2005-09,99,bge
PBSAP-05,2010-14,126,bge
PBSAP-05,2015-19,215,bge
PBSAP-05,2020-25,560,bge
PBSAP-06,2005-09,91,bge
PBSAP-06,2010-14,126,bge
PBSAP-06,2015-19,214,bge
PBSAP-06,2020-25,569,bge
PBSAP-07,2005-09,89,bge
PBSAP-07,2010-14,118,bge
PBSAP-07,2015-19,202,bge
PBSAP-07,2020-25,591,bge
PBSAP-08,2005-09,41,bge
PBSAP-08,2010-14,113,bge
PBSAP-08,2015-19,232,bge
PBSAP-08,2020-25,614,bge
PBSAP-09,2005-09,76,bge
PBSAP-09,2010-14,116,bge
PBSAP-09,2015-19,231,bge
PBSAP-09,2020-25,577,bge
PBSAP-10,2005-09,116,bge
PBSAP-10,2010-14,126,bge
PBSAP-10,2015-19,205,bge
PBSAP-10,2020-25,553,bge
PBSAP-11,2005-09,62,bge
PBSAP-11,2010-14,108,bge
PBSAP-11,2015-19,217,bge
PBSAP-11,2020-25,613,bge
PBSAP-12,2005-09,74,bge
PBSAP-12,2010-14,95,bge
PBSAP-12,2015-19,183,bge
PBSAP-12,2020-25,593,bge
PBSAP-13,2005-09,105,bge
PBSAP-13,2010-14,134,bge
PBSAP-13,2015-19,204,bge
PBSAP-13,2020-25,557,bge
PBSAP-14,2005-09,91,bge
PBSAP-14,2010-14,122,bge
PBSAP-14,2015-19,206,bge
PBSAP-14,2020-25,581,bge
PBSAP-15,2005-09,71,bge
PBSAP-15,2010-14,101,bge
PBSAP-15,2015-19,205,bge
PBSAP-15,2020-25,623,bge
PBSAP-16,2005-09,88,bge
PBSAP-16,2010-14,100,bge
PBSAP-16,2015-19,203,bge
PBSAP-16,2020-25,609,bge
PBSAP-17,2005-09,87,bge
PBSAP-17,2010-14,115,bge
PBSAP-17,2015-19,198,bge
PBSAP-17,2020-25,600,bge
PBSAP-18,2005-09,99,bge
PBSAP-18,2010-14,114,bge
PBSAP-18,2015-19,210,bge
PBSAP-18,2020-25,577,bge
PBSAP-19,2005-09,130,bge
PBSAP-19,2010-14,130,bge
PBSAP-19,2015-19,233,bge
PBSAP-19,2020-25,507,bge
PBSAP-20,2005-09,106,bge
PBSAP-20,2010-14,128,bge
PBSAP-20,2015-19,229,bge
PBSAP-20,2020-25,537,bge
PBSAP-21,2005-09,85,bge
PBSAP-21,2010-14,110,bge
PBSAP-21,2015-19,209,bge
PBSAP-21,2020-25,596,bge
PBSAP-22,2005-09,89,bge
PBSAP-22,2010-14,115,bge
PBSAP-22,2015-19,205,bge
PBSAP-22,2020-25,551,bge
PBSAP-23,2005-09,56,bge
PBSAP-23,2010-14,70,bge
PBSAP-23,2015-19,138,bge
PBSAP-23,2020-25,412,bge
PBSAP-01,2005-09,48,bm25
PBSAP-01,2010-14,108,bm25
PBSAP-01,2015-19,175,bm25
PBSAP-01,2020-25,669,bm25
PBSAP-02,2005-09,53,bm25
PBSAP-02,2010-14,101,bm25
PBSAP-02,2015-19,193,bm25
PBSAP-02,2020-25,653,bm25
PBSAP-03,2005-09,52,bm25
PBSAP-03,2010-14,110,bm25
PBSAP-03,2015-19,181,bm25
PBSAP-03,2020-25,657,bm25
PBSAP-04,2005-09,53,bm25
PBSAP-04,2010-14,121,bm25
PBSAP-04,2015-19,189,bm25
PBSAP-04,2020-25,637,bm25
PBSAP-05,2005-09,70,bm25
PBSAP-05,2010-14,99,bm25
PBSAP-05,2015-19,197,bm25
PBSAP-05,2020-25,634,bm25
PBSAP-06,2005-09,49,bm25
PBSAP-06,2010-14,90,bm25
PBSAP-06,2015-19,166,bm25
PBSAP-06,2020-25,695,bm25
PBSAP-07,2005-09,63,bm25
PBSAP-07,2010-14,114,bm25
PBSAP-07,2015-19,220,bm25
PBSAP-07,2020-25,603,bm25
PBSAP-08,2005-09,44,bm25
PBSAP-08,2010-14,88,bm25
PBSAP-08,2015-19,207,bm25
PBSAP-08,2020-25,661,bm25
PBSAP-09,2005-09,62,bm25
PBSAP-09,2010-14,100,bm25
PBSAP-09,2015-19,190,bm25
PBSAP-09,2020-25,648,bm25
PBSAP-10,2005-09,71,bm25
PBSAP-10,2010-14,123,bm25
PBSAP-10,2015-19,195,bm25
PBSAP-10,2020-25,611,bm25
PBSAP-11,2005-09,39,bm25
PBSAP-11,2010-14,108,bm25
PBSAP-11,2015-19,197,bm25
PBSAP-11,2020-25,656,bm25
PBSAP-12,2005-09,34,bm25
PBSAP-12,2010-14,58,bm25
PBSAP-12,2015-19,135,bm25
PBSAP-12,2020-25,442,bm25
PBSAP-13,2005-09,87,bm25
PBSAP-13,2010-14,109,bm25
PBSAP-13,2015-19,177,bm25
PBSAP-13,2020-25,627,bm25
PBSAP-14,2005-09,60,bm25
PBSAP-14,2010-14,102,bm25
PBSAP-14,2015-19,165,bm25
PBSAP-14,2020-25,673,bm25
PBSAP-15,2005-09,55,bm25
PBSAP-15,2010-14,94,bm25
PBSAP-15,2015-19,159,bm25
PBSAP-15,2020-25,692,bm25
PBSAP-16,2005-09,65,bm25
PBSAP-16,2010-14,101,bm25
PBSAP-16,2015-19,183,bm25
PBSAP-16,2020-25,651,bm25
PBSAP-17,2005-09,66,bm25
PBSAP-17,2010-14,77,bm25
PBSAP-17,2015-19,152,bm25
PBSAP-17,2020-25,588,bm25
PBSAP-18,2005-09,63,bm25
PBSAP-18,2010-14,111,bm25
PBSAP-18,2015-19,173,bm25
PBSAP-18,2020-25,653,bm25
PBSAP-19,2005-09,68,bm25
PBSAP-19,2010-14,107,bm25
PBSAP-19,2015-19,178,bm25
PBSAP-19,2020-25,647,bm25
PBSAP-20,2005-09,61,bm25
PBSAP-20,2010-14,101,bm25
PBSAP-20,2015-19,189,bm25
PBSAP-20,2020-25,649,bm25
PBSAP-21,2005-09,57,bm25
PBSAP-21,2010-14,76,bm25
PBSAP-21,2015-19,189,bm25
PBSAP-21,2020-25,678,bm25
PBSAP-22,2005-09,48,bm25
PBSAP-22,2010-14,67,bm25
PBSAP-22,2015-19,114,bm25
PBSAP-22,2020-25,437,bm25
PBSAP-23,2005-09,24,bm25
PBSAP-23,2010-14,32,bm25
PBSAP-23,2015-19,61,bm25
PBSAP-23,2020-25,234,bm25
PBSAP-01,2005-09,15,specter2
PBSAP-01,2010-14,50,specter2
PBSAP-01,2015-19,183,specter2
PBSAP-01,2020-25,752,specter2
PBSAP-02,2005-09,15,specter2
PBSAP-02,2010-14,47,specter2
PBSAP-02,2015-19,160,specter2
PBSAP-02,2020-25,778,specter2
PBSAP-03,2005-09,21,specter2
PBSAP-03,2010-14,58,specter2
PBSAP-03,2015-19,191,specter2
PBSAP-03,2020-25,730,specter2
PBSAP-04,2005-09,23,specter2
PBSAP-04,2010-14,53,specter2
PBSAP-04,2015-19,181,specter2
PBSAP-04,2020-25,743,specter2
PBSAP-05,2005-09,11,specter2
PBSAP-05,2010-14,49,specter2
PBSAP-05,2015-19,202,specter2
PBSAP-05,2020-25,738,specter2
PBSAP-06,2005-09,10,specter2
PBSAP-06,2010-14,36,specter2
PBSAP-06,2015-19,160,specter2
PBSAP-06,2020-25,794,specter2
PBSAP-07,2005-09,6,specter2
PBSAP-07,2010-14,45,specter2
PBSAP-07,2015-19,161,specter2
PBSAP-07,2020-25,683,specter2
PBSAP-08,2005-09,21,specter2
PBSAP-08,2010-14,57,specter2
PBSAP-08,2015-19,204,specter2
PBSAP-08,2020-25,718,specter2
PBSAP-09,2005-09,11,specter2
PBSAP-09,2010-14,38,specter2
PBSAP-09,2015-19,158,specter2
PBSAP-09,2020-25,541,specter2
PBSAP-10,2005-09,12,specter2
PBSAP-10,2010-14,46,specter2
PBSAP-10,2015-19,206,specter2
PBSAP-10,2020-25,736,specter2
PBSAP-11,2005-09,9,specter2
PBSAP-11,2010-14,52,specter2
PBSAP-11,2015-19,173,specter2
PBSAP-11,2020-25,766,specter2
PBSAP-12,2005-09,15,specter2
PBSAP-12,2010-14,57,specter2
PBSAP-12,2015-19,179,specter2
PBSAP-12,2020-25,749,specter2
PBSAP-13,2005-09,28,specter2
PBSAP-13,2010-14,48,specter2
PBSAP-13,2015-19,206,specter2
PBSAP-13,2020-25,718,specter2
PBSAP-14,2005-09,35,specter2
PBSAP-14,2010-14,63,specter2
PBSAP-14,2015-19,204,specter2
PBSAP-14,2020-25,698,specter2
PBSAP-15,2005-09,20,specter2
PBSAP-15,2010-14,39,specter2
PBSAP-15,2015-19,185,specter2
PBSAP-15,2020-25,756,specter2
PBSAP-16,2005-09,14,specter2
PBSAP-16,2010-14,44,specter2
PBSAP-16,2015-19,174,specter2
PBSAP-16,2020-25,768,specter2
PBSAP-17,2005-09,30,specter2
PBSAP-17,2010-14,57,specter2
PBSAP-17,2015-19,201,specter2
PBSAP-17,2020-25,712,specter2
PBSAP-18,2005-09,37,specter2
PBSAP-18,2010-14,69,specter2
PBSAP-18,2015-19,207,specter2
PBSAP-18,2020-25,687,specter2
PBSAP-19,2005-09,33,specter2
PBSAP-19,2010-14,58,specter2
PBSAP-19,2015-19,210,specter2
PBSAP-19,2020-25,660,specter2
PBSAP-20,2005-09,45,specter2
PBSAP-20,2010-14,65,specter2
PBSAP-20,2015-19,199,specter2
PBSAP-20,2020-25,635,specter2
PBSAP-21,2005-09,20,specter2
PBSAP-21,2010-14,39,specter2
PBSAP-21,2015-19,164,specter2
PBSAP-21,2020-25,685,specter2
PBSAP-22,2005-09,25,specter2
PBSAP-22,2010-14,47,specter2
PBSAP-22,2015-19,125,specter2
PBSAP-22,2020-25,489,specter2
PBSAP-23,2005-09,38,specter2
PBSAP-23,2010-14,65,specter2
PBSAP-23,2015-19,195,specter2
PBSAP-23,2020-25,702,specter2
