retriever,topic_id,goal,coverage_topical,cov_lo,cov_hi,coverage_ph,covph_lo,covph_hi,at_cap
bge__verbose,PBSAP-01,Land and Sea Use Planning,1000,1000.0,1000.0,892,892.0,892.0,True
bge__verbose,PBSAP-02,Ecosystem Restoration,1000,1000.0,1000.0,950,950.0,950.0,True
bge__verbose,PBSAP-03,Protect and Conserve Land and Sea,1000,1000.0,1000.0,888,888.0,888.0,True
bge__verbose,PBSAP-04,Active Management of Species and Genetic Diversity,1000,1000.0,1000.0,741,741.0,741.0,True
bge__verbose,PBSAP-05,"Harvest, Trade, and Use of Wild Species",1000,1000.0,1000.0,958,958.0,958.0,True
bge__verbose,PBSAP-06,Invasive Alien Species,1000,1000.0,1000.0,956,956.0,956.0,True
bge__verbose,PBSAP-07,Reduce Pollution,1000,272.0,1000.0,669,175.0,669.0,True
bge__verbose,PBSAP-08,Minimize the Impact of Climate Change,1000,898.0,1000.0,727,650.0,727.0,True
bge__verbose,PBSAP-09,Sustainable Use and Benefit-Sharing,1000,1000.0,1000.0,924,924.0,924.0,True
bge__verbose,PBSAP-10,"Sustainable Management of Agriculture, Aquaculture, and Forestry",1000,1000.0,1000.0,916,916.0,916.0,True
bge__verbose,PBSAP-11,"Regulation of Air, Hazards and Extreme Events",1000,1000.0,1000.0,931,931.0,931.0,True
bge__verbose,PBSAP-12,Increase Access to Green and Blue Spaces,797,156.0,797.0,718,142.0,718.0,False
bge__verbose,PBSAP-13,Fair and Equitable Sharing of Benefits from Genetic Resources,1000,401.0,1000.0,919,376.0,919.0,True
bge__verbose,PBSAP-14,Mainstreaming Biodiversity,1000,1000.0,1000.0,912,912.0,912.0,True
bge__verbose,PBSAP-15,Sustainable Production and Supply Chains,1000,1000.0,1000.0,834,834.0,834.0,True
bge__verbose,PBSAP-16,Eliminate Unsustainable Consumption,1000,401.0,1000.0,886,361.0,886.0,True
bge__verbose,PBSAP-17,Manage Impacts of Biotechnology,1000,532.0,1000.0,946,504.0,946.0,True
bge__verbose,PBSAP-18,Eliminate Harmful Incentives,1000,320.0,1000.0,864,273.0,864.0,True
bge__verbose,PBSAP-19,Resource Mobilization,1000,866.0,1000.0,912,792.0,912.0,True
bge__verbose,PBSAP-20,Strengthen Capacity Building and Development,1000,370.0,1000.0,805,293.0,805.0,True
bge__verbose,PBSAP-21,"Traditional Knowledge, Awareness, Education and Research",1000,294.0,1000.0,753,200.0,753.0,True
bge__verbose,PBSAP-22,Participation of IPLCs,833,258.0,833.0,682,210.0,682.0,False
bge__verbose,PBSAP-23,Gender Equality,571,132.0,571.0,473,103.0,473.0,False
bm25__hyde,PBSAP-01,Land and Sea Use Planning,1000,1000.0,1000.0,805,805.0,805.0,True
bm25__hyde,PBSAP-02,Ecosystem Restoration,1000,1000.0,1000.0,810,810.0,810.0,True
bm25__hyde,PBSAP-03,Protect and Conserve Land and Sea,963,864.0,1000.0,795,713.0,829.0,False
bm25__hyde,PBSAP-04,Active Management of Species and Genetic Diversity,1000,1000.0,1000.0,789,789.0,789.0,True
bm25__hyde,PBSAP-05,"Harvest, Trade, and Use of Wild Species",1000,1000.0,1000.0,859,859.0,859.0,True
bm25__hyde,PBSAP-06,Invasive Alien Species,776,669.0,1000.0,675,577.0,865.0,False
bm25__hyde,PBSAP-07,Reduce Pollution,1000,1000.0,1000.0,736,736.0,736.0,True
bm25__hyde,PBSAP-08,Minimize the Impact of Climate Change,1000,1000.0,1000.0,789,789.0,789.0,True
bm25__hyde,PBSAP-09,Sustainable Use and Benefit-Sharing,1000,1000.0,1000.0,840,840.0,840.0,True
bm25__hyde,PBSAP-10,"Sustainable Management of Agriculture, Aquaculture, and Forestry",1000,1000.0,1000.0,725,725.0,725.0,True
bm25__hyde,PBSAP-11,"Regulation of Air, Hazards and Extreme Events",1000,1000.0,1000.0,832,832.0,832.0,True
bm25__hyde,PBSAP-12,Increase Access to Green and Blue Spaces,538,468.0,669.0,423,374.0,523.0,False
bm25__hyde,PBSAP-13,Fair and Equitable Sharing of Benefits from Genetic Resources,1000,1000.0,1000.0,848,848.0,848.0,True
bm25__hyde,PBSAP-14,Mainstreaming Biodiversity,1000,1000.0,1000.0,798,798.0,798.0,True
bm25__hyde,PBSAP-15,Sustainable Production and Supply Chains,1000,1000.0,1000.0,814,814.0,814.0,True
bm25__hyde,PBSAP-16,Eliminate Unsustainable Consumption,1000,1000.0,1000.0,785,785.0,785.0,True
bm25__hyde,PBSAP-17,Manage Impacts of Biotechnology,670,595.0,883.0,574,508.0,758.0,False
bm25__hyde,PBSAP-18,Eliminate Harmful Incentives,1000,1000.0,1000.0,776,776.0,776.0,True
bm25__hyde,PBSAP-19,Resource Mobilization,1000,1000.0,1000.0,792,792.0,792.0,True
bm25__hyde,PBSAP-20,Strengthen Capacity Building and Development,1000,1000.0,1000.0,784,784.0,784.0,True
bm25__hyde,PBSAP-21,"Traditional Knowledge, Awareness, Education and Research",1000,1000.0,1000.0,792,792.0,792.0,True
bm25__hyde,PBSAP-22,Participation of IPLCs,530,471.0,666.0,442,394.0,560.0,False
bm25__hyde,PBSAP-23,Gender Equality,286,250.0,351.0,238,206.0,295.0,False
specter2__hyde,PBSAP-01,Land and Sea Use Planning,1000,999.7,1000.0,818,817.7,818.0,True
specter2__hyde,PBSAP-02,Ecosystem Restoration,1000,685.65,1000.0,840,577.65,840.0,True
specter2__hyde,PBSAP-03,Protect and Conserve Land and Sea,1000,680.325,1000.0,823,553.4,823.0,True
specter2__hyde,PBSAP-04,Active Management of Species and Genetic Diversity,1000,720.275,1000.0,800,575.525,800.0,True
specter2__hyde,PBSAP-05,"Harvest, Trade, and Use of Wild Species",1000,782.4,1000.0,867,680.55,867.0,True
specter2__hyde,PBSAP-06,Invasive Alien Species,1000,1000.0,1000.0,872,872.0,872.0,True
specter2__hyde,PBSAP-07,Reduce Pollution,623,278.775,623.0,503,223.85,503.0,False
specter2__hyde,PBSAP-08,Minimize the Impact of Climate Change,1000,1000.0,1000.0,822,822.0,822.0,True
specter2__hyde,PBSAP-09,Sustainable Use and Benefit-Sharing,585,340.75,585.0,489,284.775,489.0,False
specter2__hyde,PBSAP-10,"Sustainable Management of Agriculture, Aquaculture, and Forestry",1000,999.35,1000.0,789,788.475,789.0,True
specter2__hyde,PBSAP-11,"Regulation of Air, Hazards and Extreme Events",1000,831.35,1000.0,838,695.4250000000001,838.0,True
specter2__hyde,PBSAP-12,Increase Access to Green and Blue Spaces,924,518.5,924.0,796,459.55,796.0,False
specter2__hyde,PBSAP-13,Fair and Equitable Sharing of Benefits from Genetic Resources,1000,881.45,1000.0,823,723.55,823.0,True
specter2__hyde,PBSAP-14,Mainstreaming Biodiversity,1000,957.65,1000.0,807,778.75,807.0,True
specter2__hyde,PBSAP-15,Sustainable Production and Supply Chains,1000,1000.0,1000.0,830,830.0,830.0,True
specter2__hyde,PBSAP-16,Eliminate Unsustainable Consumption,1000,798.575,1000.0,813,659.7,813.0,True
specter2__hyde,PBSAP-17,Manage Impacts of Biotechnology,1000,790.225,1000.0,802,647.35,802.0,True
specter2__hyde,PBSAP-18,Eliminate Harmful Incentives,1000,561.55,1000.0,756,416.725,756.0,True
specter2__hyde,PBSAP-19,Resource Mobilization,794,487.575,794.0,640,397.6,640.0,False
specter2__hyde,PBSAP-20,Strengthen Capacity Building and Development,788,516.55,788.0,666,436.625,666.0,False
specter2__hyde,PBSAP-21,"Traditional Knowledge, Awareness, Education and Research",748,457.7,748.0,581,351.725,581.0,False
specter2__hyde,PBSAP-22,Participation of IPLCs,556,355.75,556.0,480,302.775,480.0,False
specter2__hyde,PBSAP-23,Gender Equality,905,612.7,905.0,770,524.8,770.0,False
