topic_id,pairs,grade3,nonph,grade3_ph,goal
PBSAP-08,20,8,5,8,Minimize the Impact of Climate Change
PBSAP-07,20,9,9,9,Reduce Pollution
PBSAP-13,20,9,6,9,Fair and Equitable Sharing of Benefits from Genetic Resources
PBSAP-03,20,11,5,10,Protect and Conserve Land and Sea
PBSAP-12,20,10,2,10,Increase Access to Green and Blue Spaces
PBSAP-16,20,12,6,10,Eliminate Unsustainable Consumption
PBSAP-04,20,12,9,11,Active Management of Species and Genetic Diversity
PBSAP-01,20,13,5,11,Land and Sea Use Planning
PBSAP-14,20,12,6,12,Mainstreaming Biodiversity
PBSAP-09,20,13,5,12,Sustainable Use and Benefit-Sharing
PBSAP-02,20,12,4,12,Ecosystem Restoration
PBSAP-20,20,14,5,13,Strengthen Capacity Building and Development
PBSAP-21,20,14,6,14,"Traditional Knowledge, Awareness, Education and Research"
PBSAP-18,20,14,5,14,Eliminate Harmful Incentives
PBSAP-17,20,14,2,14,Manage Impacts of Biotechnology
PBSAP-11,20,15,3,14,"Regulation of Air, Hazards and Extreme Events"
PBSAP-22,20,14,3,14,Participation of IPLCs
PBSAP-10,20,16,3,15,"Sustainable Management of Agriculture, Aquaculture, and Forestry"
PBSAP-06,20,16,3,15,Invasive Alien Species
PBSAP-05,20,15,3,15,"Harvest, Trade, and Use of Wild Species"
PBSAP-23,20,15,4,15,Gender Equality
PBSAP-19,20,15,4,15,Resource Mobilization
PBSAP-15,20,17,1,17,Sustainable Production and Supply Chains
