run,ndcg10_condensed,lo,hi,p10_rel3_condensed,judged10
bge__decomp,0.9685802402097651,0.955430711479222,0.98102217193287,0.8956521739130434,0.4782608695652174
bge__hyde,0.9400160280271904,0.9237793941949942,0.9557019906544258,0.7913043478260869,0.5869565217391305
bm25__decomp,0.9367478825655423,0.9232539198905616,0.9496490812305065,0.7869565217391303,0.46521739130434786
specter2__decomp,0.9125261330585485,0.8853813845668805,0.9393782483930566,0.7532608695652173,0.19999999999999996
bge__verbose,0.9106815798848006,0.8806251490029523,0.9367831770130463,0.7130434782608697,0.6956521739130435
specter2__hyde,0.9048768569053189,0.8798436740778419,0.9290861947284593,0.6999999999999997,0.4782608695652174
specter2__verbose,0.8978218398010892,0.8712732195927617,0.9245377033705193,0.7043478260869565,0.42173913043478267
bm25__hyde,0.8909444513310981,0.86595627067072,0.915058210709355,0.6826086956521739,0.5347826086956521
bm25__verbose,0.8863667872097397,0.867654912174536,0.9064585648040588,0.6521739130434782,0.5173913043478261
bm25__desc,0.8845573376938528,0.8612951262605172,0.9047722921304601,0.6478260869565218,0.5000000000000001
specter2__desc,0.8670472034672211,0.8452908330125488,0.8878940466334684,0.6304347826086955,0.4869565217391304
bge__desc,0.838319548717298,0.8144509231884312,0.8640767792565942,0.5391304347826087,0.5521739130434784
bm25__title,0.8374299645327746,0.7988171840339641,0.8751426691163227,0.677657004830918,0.3608695652173913
bge__title,0.8351564312731314,0.8050067246377,0.8633972939415686,0.5768115942028986,0.508695652173913
specter2__title,0.8079903923762622,0.7415319503683381,0.8683205872034556,0.6350241545893719,0.21304347826086958
