run,retriever,qtype,topics,ndcg10,ndcg10_lo,ndcg10_hi,p10,judged10,p_vs_baseline
bge__verbose,bge,verbose,23,0.7044161080808473,0.652178573218606,0.7560784878556601,0.6913043478260871,0.6956521739130435,0.0
bge__hyde,bge,hyde,23,0.6298920790046496,0.5655729260313018,0.6907268217170751,0.5869565217391305,0.5869565217391305,0.0142
bm25__hyde,bm25,hyde,23,0.5330883649353264,0.4716815632715837,0.5855771376723181,0.5304347826086957,0.5347826086956521,0.5026
bge__decomp,bge,decomp,23,0.5263202385462578,0.4536332063062323,0.5907858232639536,0.4739130434782609,0.4782608695652174,0.6315
bm25__decomp,bm25,decomp,23,0.5207696629772659,0.4411092720163991,0.6010388682067204,0.46521739130434786,0.46521739130434786,0.6176
specter2__hyde,specter2,hyde,23,0.5191601004021711,0.453445267439973,0.5789771593321371,0.4695652173913043,0.4782608695652174,0.7763
bm25__verbose,bm25,verbose,23,0.5163436256247413,0.44038825502591633,0.5966108165884441,0.5043478260869565,0.5173913043478261,0.755
bge__desc,bge,desc,23,0.5083354374392338,0.4375934229347175,0.5807211527180921,0.5478260869565219,0.5521739130434784,0.916
bm25__desc,bm25,desc,23,0.5031911658929632,0.4160655776161988,0.5885945380638388,0.5000000000000001,0.5000000000000001,
specter2__desc,specter2,desc,23,0.4758279065449889,0.38900982683040747,0.5590015829498207,0.4695652173913043,0.4869565217391304,0.565
bge__title,bge,title,23,0.46912225449491646,0.3960940437451411,0.5469963311014695,0.5,0.508695652173913,0.4268
specter2__verbose,specter2,verbose,23,0.4464607471066538,0.3670564724725497,0.5249753585137724,0.4086956521739131,0.42173913043478267,0.3057
bm25__title,bm25,title,23,0.36050551190193997,0.27419842427691044,0.44602095316727075,0.3565217391304348,0.3608695652173913,0.0003
specter2__decomp,specter2,decomp,23,0.23646972764747481,0.17045445843327592,0.3027699735939878,0.1913043478260869,0.19999999999999996,0.0007
specter2__title,specter2,title,23,0.2049282971109473,0.13149466369153132,0.286183628976435,0.20434782608695654,0.21304347826086958,0.0
