judge,runs,kendall_tau,p,same_top_system
A1_repeat,15,0.6190476190476191,0.0008364083878716816,False
A2,15,0.6380952380952382,0.0005320215605847219,False
A3,15,0.6000000000000001,0.0012858607977242237,False
A4,15,0.6761904761904762,0.00019989992034469547,True
llm_claude,15,0.9047619047619049,1.6537756286433536e-08,True
llm_claude_nocontext,15,0.8476190476190477,4.0734605880108527e-07,True
llm_gpt,15,0.961904761904762,1.8200249681731164e-10,True
llm_haiku,15,0.9428571428571428,1.0155433435856716e-09,True
panel,15,0.9238095238095239,4.4720613503682285e-09,True
